country,year,polity2,exrec,exconst,polcomp
Guinea-Bissau,1981,-7.0,3.0,3.0,1.0
Guinea-Bissau,1982,-7.0,3.0,3.0,1.0
Guinea-Bissau,1983,-7.0,3.0,3.0,1.0
Guinea-Bissau,1984,-8.0,3.0,2.0,1.0
Guinea-Bissau,1985,-8.0,3.0,2.0,1.0
Guinea-Bissau,1986,-8.0,3.0,2.0,1.0
Guinea-Bissau,1987,-8.0,3.0,2.0,1.0
Guinea-Bissau,1988,-8.0,3.0,2.0,1.0
Guinea-Bissau,1989,-8.0,3.0,2.0,1.0
Guinea-Bissau,1990,-6.0,3.0,2.0,1.0
Guinea-Bissau,1991,-6.0,3.0,3.0,2.0
Guinea-Bissau,1992,-6.0,3.0,3.0,2.0
Guinea-Bissau,1993,-6.0,3.0,3.0,2.0
Guinea-Bissau,1994,5.0,8.0,4.0,7.0
Guinea-Bissau,1995,5.0,8.0,4.0,7.0
Guinea-Bissau,1996,5.0,8.0,4.0,7.0
Guinea-Bissau,1997,5.0,8.0,4.0,7.0
Guinea-Bissau,1998,0.0,,,
Guinea-Bissau,1999,3.0,4.0,3.0,4.0
Guinea-Bissau,2000,5.0,7.0,5.0,7.0
Guinea-Bissau,2001,5.0,7.0,5.0,7.0
Guinea-Bissau,2002,5.0,7.0,5.0,7.0
Guinea-Bissau,2003,-1.0,4.0,2.0,7.0
Guinea-Bissau,2004,-1.0,4.0,2.0,7.0
"Gambia, The",1981,7.0,8.0,5.0,9.0
"Gambia, The",1982,7.0,8.0,5.0,9.0
"Gambia, The",1983,7.0,8.0,5.0,9.0
"Gambia, The",1984,7.0,8.0,5.0,9.0
"Gambia, The",1985,7.0,8.0,5.0,9.0
"Gambia, The",1986,7.0,8.0,5.0,9.0
"Gambia, The",1987,7.0,8.0,5.0,9.0
"Gambia, The",1988,7.0,8.0,5.0,9.0
"Gambia, The",1989,7.0,8.0,5.0,9.0
"Gambia, The",1990,8.0,8.0,5.0,10.0
"Gambia, The",1991,8.0,8.0,5.0,10.0
"Gambia, The",1992,8.0,8.0,5.0,10.0
"Gambia, The",1993,8.0,8.0,5.0,10.0
"Gambia, The",1994,-7.0,4.0,1.0,1.0
"Gambia, The",1995,-7.0,4.0,1.0,1.0
"Gambia, The",1996,-6.0,5.0,1.0,2.0
"Gambia, The",1997,-5.0,5.0,2.0,2.0
"Gambia, The",1998,-5.0,5.0,2.0,2.0
"Gambia, The",1999,-5.0,5.0,2.0,2.0
"Gambia, The",2000,-5.0,5.0,2.0,2.0
"Gambia, The",2001,-5.0,5.0,2.0,2.0
"Gambia, The",2002,-5.0,5.0,2.0,2.0
"Gambia, The",2003,-5.0,5.0,2.0,2.0
"Gambia, The",2004,-5.0,5.0,2.0,2.0
Mali,1981,-7.0,5.0,1.0,1.0
Mali,1982,-7.0,5.0,1.0,1.0
Mali,1983,-7.0,5.0,1.0,1.0
Mali,1984,-7.0,5.0,1.0,1.0
Mali,1985,-7.0,5.0,1.0,1.0
Mali,1986,-7.0,5.0,1.0,1.0
Mali,1987,-7.0,5.0,1.0,1.0
Mali,1988,-7.0,5.0,1.0,1.0
Mali,1989,-7.0,5.0,1.0,1.0
Mali,1990,-7.0,5.0,1.0,1.0
Mali,1991,0.0,7.0,3.0,5.0
Mali,1992,7.0,8.0,5.0,9.0
Mali,1993,7.0,8.0,5.0,9.0
Mali,1994,7.0,8.0,5.0,9.0
Mali,1995,7.0,8.0,5.0,9.0
Mali,1996,7.0,8.0,5.0,9.0
Mali,1997,6.0,8.0,5.0,7.0
Mali,1998,6.0,8.0,5.0,7.0
Mali,1999,6.0,8.0,5.0,7.0
Mali,2000,6.0,8.0,5.0,7.0
Mali,2001,6.0,8.0,5.0,7.0
Mali,2002,6.0,8.0,5.0,7.0
Mali,2003,6.0,8.0,5.0,7.0
Mali,2004,6.0,8.0,5.0,7.0
Senegal,1981,-1.0,3.0,3.0,9.0
Senegal,1982,-1.0,3.0,3.0,9.0
Senegal,1983,-1.0,3.0,3.0,9.0
Senegal,1984,-1.0,3.0,3.0,9.0
Senegal,1985,-1.0,3.0,3.0,9.0
Senegal,1986,-1.0,3.0,3.0,9.0
Senegal,1987,-1.0,3.0,3.0,9.0
Senegal,1988,-1.0,3.0,3.0,9.0
Senegal,1989,-1.0,3.0,3.0,9.0
Senegal,1990,-1.0,3.0,3.0,9.0
Senegal,1991,-1.0,3.0,3.0,9.0
Senegal,1992,-1.0,3.0,3.0,9.0
Senegal,1993,-1.0,3.0,3.0,9.0
Senegal,1994,-1.0,3.0,3.0,9.0
Senegal,1995,-1.0,3.0,3.0,9.0
Senegal,1996,-1.0,3.0,3.0,9.0
Senegal,1997,-1.0,3.0,3.0,9.0
Senegal,1998,-1.0,3.0,3.0,9.0
Senegal,1999,-1.0,3.0,3.0,9.0
Senegal,2000,8.0,8.0,6.0,9.0
Senegal,2001,8.0,8.0,6.0,9.0
Senegal,2002,8.0,8.0,6.0,9.0
Senegal,2003,8.0,8.0,6.0,9.0
Senegal,2004,8.0,8.0,6.0,9.0
Benin,1981,-7.0,5.0,1.0,1.0
Benin,1982,-7.0,5.0,1.0,1.0
Benin,1983,-7.0,5.0,1.0,1.0
Benin,1984,-7.0,5.0,1.0,1.0
Benin,1985,-7.0,5.0,1.0,1.0
Benin,1986,-7.0,5.0,1.0,1.0
Benin,1987,-7.0,5.0,1.0,1.0
Benin,1988,-7.0,5.0,1.0,1.0
Benin,1989,-7.0,5.0,1.0,1.0
Benin,1990,0.0,6.0,3.0,5.0
Benin,1991,6.0,7.0,5.0,9.0
Benin,1992,6.0,7.0,5.0,9.0
Benin,1993,6.0,7.0,5.0,9.0
Benin,1994,6.0,7.0,5.0,9.0
Benin,1995,6.0,7.0,5.0,9.0
Benin,1996,6.0,7.0,5.0,9.0
Benin,1997,6.0,7.0,5.0,9.0
Benin,1998,6.0,7.0,5.0,9.0
Benin,1999,6.0,7.0,5.0,9.0
Benin,2000,6.0,7.0,5.0,9.0
Benin,2001,6.0,7.0,5.0,9.0
Benin,2002,6.0,7.0,5.0,9.0
Benin,2003,6.0,7.0,5.0,9.0
Benin,2004,6.0,7.0,5.0,9.0
Mauritania,1981,-7.0,3.0,3.0,1.0
Mauritania,1982,-7.0,3.0,3.0,1.0
Mauritania,1983,-7.0,3.0,3.0,1.0
Mauritania,1984,-7.0,3.0,3.0,1.0
Mauritania,1985,-7.0,3.0,3.0,1.0
Mauritania,1986,-7.0,3.0,3.0,1.0
Mauritania,1987,-7.0,3.0,3.0,1.0
Mauritania,1988,-7.0,3.0,3.0,1.0
Mauritania,1989,-7.0,3.0,3.0,1.0
Mauritania,1990,-7.0,3.0,3.0,1.0
Mauritania,1991,-6.0,3.0,3.0,2.0
Mauritania,1992,-6.0,3.0,3.0,2.0
Mauritania,1993,-6.0,3.0,3.0,2.0
Mauritania,1994,-6.0,3.0,3.0,2.0
Mauritania,1995,-6.0,3.0,3.0,2.0
Mauritania,1996,-6.0,3.0,3.0,2.0
Mauritania,1997,-6.0,3.0,3.0,2.0
Mauritania,1998,-6.0,3.0,3.0,2.0
Mauritania,1999,-6.0,3.0,3.0,2.0
Mauritania,2000,-6.0,3.0,3.0,2.0
Mauritania,2001,-6.0,3.0,3.0,2.0
Mauritania,2002,-6.0,3.0,3.0,2.0
Mauritania,2003,-6.0,3.0,3.0,2.0
Mauritania,2004,-6.0,3.0,3.0,2.0
Niger,1981,-7.0,4.0,1.0,1.0
Niger,1982,-7.0,5.0,1.0,1.0
Niger,1983,-7.0,5.0,1.0,1.0
Niger,1984,-7.0,5.0,1.0,1.0
Niger,1985,-7.0,5.0,1.0,1.0
Niger,1986,-7.0,5.0,1.0,1.0
Niger,1987,-7.0,3.0,3.0,1.0
Niger,1988,-7.0,3.0,3.0,1.0
Niger,1989,-7.0,3.0,3.0,1.0
Niger,1990,-7.0,3.0,3.0,1.0
Niger,1991,1.0,6.0,5.0,4.0
Niger,1992,8.0,8.0,7.0,7.0
Niger,1993,8.0,8.0,7.0,7.0
Niger,1994,8.0,8.0,7.0,7.0
Niger,1995,8.0,8.0,7.0,7.0
Niger,1996,-6.0,4.0,1.0,2.0
Niger,1997,-6.0,4.0,1.0,2.0
Niger,1998,-6.0,4.0,1.0,2.0
Niger,1999,4.0,7.0,5.0,5.0
Niger,2000,4.0,7.0,5.0,5.0
Niger,2001,4.0,7.0,5.0,5.0
Niger,2002,4.0,7.0,5.0,5.0
Niger,2003,4.0,7.0,5.0,5.0
Niger,2004,4.0,7.0,5.0,5.0
Cote d`Ivoire,1981,-9.0,3.0,1.0,1.0
Cote d`Ivoire,1982,-9.0,3.0,1.0,1.0
Cote d`Ivoire,1983,-9.0,3.0,1.0,1.0
Cote d`Ivoire,1984,-9.0,3.0,1.0,1.0
Cote d`Ivoire,1985,-9.0,3.0,1.0,1.0
Cote d`Ivoire,1986,-9.0,3.0,1.0,1.0
Cote d`Ivoire,1987,-9.0,3.0,1.0,1.0
Cote d`Ivoire,1988,-9.0,3.0,1.0,1.0
Cote d`Ivoire,1989,-9.0,3.0,1.0,1.0
Cote d`Ivoire,1990,-7.0,3.0,2.0,2.0
Cote d`Ivoire,1991,-7.0,3.0,2.0,2.0
Cote d`Ivoire,1992,-7.0,3.0,2.0,2.0
Cote d`Ivoire,1993,-7.0,3.0,2.0,2.0
Cote d`Ivoire,1994,-6.0,3.0,3.0,2.0
Cote d`Ivoire,1995,-6.0,3.0,3.0,2.0
Cote d`Ivoire,1996,-6.0,3.0,3.0,2.0
Cote d`Ivoire,1997,-6.0,3.0,3.0,2.0
Cote d`Ivoire,1998,-6.0,3.0,3.0,2.0
Cote d`Ivoire,1999,-1.0,5.0,4.0,4.0
Cote d`Ivoire,2000,4.0,7.0,5.0,6.0
Cote d`Ivoire,2001,4.0,7.0,5.0,6.0
Cote d`Ivoire,2002,0.0,,,
Cote d`Ivoire,2003,0.0,,,
Cote d`Ivoire,2004,0.0,,,
Guinea,1981,-9.0,3.0,1.0,1.0
Guinea,1982,-9.0,3.0,1.0,1.0
Guinea,1983,-9.0,3.0,1.0,1.0
Guinea,1984,-7.0,4.0,1.0,1.0
Guinea,1985,-7.0,4.0,1.0,1.0
Guinea,1986,-7.0,4.0,1.0,1.0
Guinea,1987,-7.0,4.0,1.0,1.0
Guinea,1988,-7.0,4.0,1.0,1.0
Guinea,1989,-7.0,4.0,1.0,1.0
Guinea,1990,-7.0,4.0,1.0,1.0
Guinea,1991,-5.0,4.0,2.0,2.0
Guinea,1992,-5.0,4.0,2.0,2.0
Guinea,1993,-5.0,4.0,2.0,2.0
Guinea,1994,-5.0,4.0,2.0,2.0
Guinea,1995,-1.0,5.0,3.0,6.0
Guinea,1996,-1.0,5.0,3.0,6.0
Guinea,1997,-1.0,5.0,3.0,6.0
Guinea,1998,-1.0,5.0,3.0,6.0
Guinea,1999,-1.0,5.0,3.0,6.0
Guinea,2000,-1.0,5.0,3.0,6.0
Guinea,2001,-1.0,5.0,3.0,6.0
Guinea,2002,-1.0,5.0,3.0,6.0
Guinea,2003,-1.0,5.0,3.0,6.0
Guinea,2004,-1.0,5.0,3.0,6.0
Burkina Faso,1981,-7.0,4.0,1.0,1.0
Burkina Faso,1982,-7.0,4.0,1.0,1.0
Burkina Faso,1983,-7.0,4.0,1.0,1.0
Burkina Faso,1984,-7.0,4.0,1.0,1.0
Burkina Faso,1985,-7.0,4.0,1.0,1.0
Burkina Faso,1986,-7.0,4.0,1.0,1.0
Burkina Faso,1987,-7.0,4.0,1.0,1.0
Burkina Faso,1988,-7.0,4.0,1.0,1.0
Burkina Faso,1989,-7.0,4.0,1.0,1.0
Burkina Faso,1990,-7.0,4.0,1.0,1.0
Burkina Faso,1991,-5.0,5.0,2.0,2.0
Burkina Faso,1992,-5.0,5.0,2.0,2.0
Burkina Faso,1993,-5.0,5.0,2.0,2.0
Burkina Faso,1994,-5.0,5.0,2.0,2.0
Burkina Faso,1995,-5.0,5.0,2.0,2.0
Burkina Faso,1996,-5.0,5.0,2.0,2.0
Burkina Faso,1997,-4.0,5.0,2.0,3.0
Burkina Faso,1998,-4.0,5.0,2.0,3.0
Burkina Faso,1999,-4.0,5.0,2.0,3.0
Burkina Faso,2000,-3.0,5.0,3.0,3.0
Burkina Faso,2001,0.0,5.0,3.0,8.0
Burkina Faso,2002,0.0,5.0,3.0,8.0
Burkina Faso,2003,0.0,5.0,3.0,8.0
Burkina Faso,2004,0.0,5.0,3.0,8.0
Liberia,1981,-7.0,4.0,1.0,1.0
Liberia,1982,-7.0,4.0,1.0,1.0
Liberia,1983,-7.0,4.0,1.0,1.0
Liberia,1984,-6.0,4.0,1.0,2.0
Liberia,1985,-6.0,4.0,1.0,2.0
Liberia,1986,-6.0,5.0,1.0,2.0
Liberia,1987,-6.0,5.0,1.0,2.0
Liberia,1988,-6.0,5.0,1.0,2.0
Liberia,1989,-6.0,5.0,1.0,2.0
Liberia,1990,0.0,,,
Liberia,1991,0.0,,,
Sierra Leone,1981,-7.0,3.0,3.0,1.0
Sierra Leone,1982,-7.0,3.0,3.0,1.0
Sierra Leone,1983,-7.0,3.0,3.0,1.0
Sierra Leone,1984,-7.0,3.0,3.0,1.0
Sierra Leone,1985,-7.0,3.0,3.0,1.0
Sierra Leone,1986,-7.0,3.0,3.0,1.0
Sierra Leone,1987,-7.0,3.0,3.0,1.0
Sierra Leone,1988,-7.0,3.0,3.0,1.0
Sierra Leone,1989,-7.0,3.0,3.0,1.0
Sierra Leone,1990,-7.0,3.0,3.0,1.0
Sierra Leone,1991,-6.0,3.0,3.0,2.0
Sierra Leone,1992,-7.0,4.0,1.0,1.0
Sierra Leone,1993,-7.0,4.0,1.0,1.0
Sierra Leone,1994,-7.0,4.0,1.0,1.0
Sierra Leone,1995,-7.0,4.0,1.0,1.0
Sierra Leone,1996,4.0,7.0,5.0,6.0
Sierra Leone,1997,0.0,,,
Sierra Leone,1998,0.0,,,
Sierra Leone,1999,0.0,,,
Sierra Leone,2000,0.0,,,
Sierra Leone,2001,2.0,4.0,3.0,4.0
Sierra Leone,2002,5.0,7.0,5.0,7.0
Sierra Leone,2003,5.0,7.0,5.0,7.0
Sierra Leone,2004,5.0,7.0,5.0,7.0
Ghana,1981,-1.0,4.0,1.0,1.0
Ghana,1982,-7.0,4.0,1.0,1.0
Ghana,1983,-7.0,4.0,1.0,1.0
Ghana,1984,-7.0,4.0,1.0,1.0
Ghana,1985,-7.0,4.0,1.0,1.0
Ghana,1986,-7.0,4.0,1.0,1.0
Ghana,1987,-7.0,4.0,1.0,1.0
Ghana,1988,-7.0,4.0,1.0,1.0
Ghana,1989,-7.0,4.0,1.0,1.0
Ghana,1990,-7.0,4.0,1.0,1.0
Ghana,1991,-4.0,4.0,2.0,4.0
Ghana,1992,-1.0,5.0,3.0,6.0
Ghana,1993,-1.0,5.0,3.0,6.0
Ghana,1994,-1.0,5.0,3.0,6.0
Ghana,1995,-1.0,5.0,3.0,6.0
Ghana,1996,2.0,5.0,4.0,8.0
Ghana,1997,2.0,5.0,4.0,8.0
Ghana,1998,2.0,5.0,4.0,8.0
Ghana,1999,2.0,5.0,4.0,8.0
Ghana,2000,2.0,5.0,4.0,8.0
Ghana,2001,6.0,7.0,6.0,8.0
Ghana,2002,6.0,7.0,6.0,8.0
Ghana,2003,6.0,7.0,6.0,8.0
Ghana,2004,8.0,8.0,6.0,9.0
Togo,1981,-7.0,5.0,1.0,1.0
Togo,1982,-7.0,5.0,1.0,1.0
Togo,1983,-7.0,5.0,1.0,1.0
Togo,1984,-7.0,5.0,1.0,1.0
Togo,1985,-7.0,5.0,1.0,1.0
Togo,1986,-7.0,5.0,1.0,1.0
Togo,1987,-7.0,5.0,1.0,1.0
Togo,1988,-7.0,5.0,1.0,1.0
Togo,1989,-7.0,5.0,1.0,1.0
Togo,1990,-7.0,5.0,1.0,1.0
Togo,1991,-5.0,5.0,1.0,2.0
Togo,1992,-3.0,5.0,2.0,4.0
Togo,1993,-2.0,5.0,2.0,6.0
Togo,1994,-2.0,5.0,2.0,6.0
Togo,1995,-2.0,5.0,2.0,6.0
Togo,1996,-2.0,5.0,2.0,6.0
Togo,1997,-2.0,5.0,2.0,6.0
Togo,1998,-2.0,5.0,2.0,6.0
Togo,1999,-2.0,5.0,2.0,6.0
Togo,2000,-2.0,5.0,2.0,6.0
Togo,2001,-2.0,5.0,2.0,6.0
Togo,2002,-2.0,5.0,2.0,6.0
Togo,2003,-2.0,5.0,2.0,6.0
Togo,2004,-2.0,5.0,2.0,6.0
Cameroon,1981,-8.0,3.0,2.0,1.0
Cameroon,1982,-7.0,3.0,3.0,1.0
Cameroon,1983,-8.0,3.0,2.0,1.0
Cameroon,1984,-8.0,3.0,2.0,1.0
Cameroon,1985,-8.0,3.0,2.0,1.0
Cameroon,1986,-8.0,3.0,2.0,1.0
Cameroon,1987,-8.0,3.0,2.0,1.0
Cameroon,1988,-8.0,3.0,2.0,1.0
Cameroon,1989,-8.0,3.0,2.0,1.0
Cameroon,1990,-8.0,3.0,2.0,1.0
Cameroon,1991,-8.0,3.0,2.0,1.0
Cameroon,1992,-4.0,3.0,2.0,6.0
Cameroon,1993,-4.0,3.0,2.0,6.0
Cameroon,1994,-4.0,3.0,2.0,6.0
Cameroon,1995,-4.0,3.0,2.0,6.0
Cameroon,1996,-4.0,3.0,2.0,6.0
Cameroon,1997,-4.0,3.0,2.0,6.0
Cameroon,1998,-4.0,3.0,2.0,6.0
Cameroon,1999,-4.0,3.0,2.0,6.0
Cameroon,2000,-4.0,3.0,2.0,6.0
Cameroon,2001,-4.0,3.0,2.0,6.0
Cameroon,2002,-4.0,3.0,2.0,6.0
Cameroon,2003,-4.0,3.0,2.0,6.0
Cameroon,2004,-4.0,3.0,2.0,6.0
Nigeria,1981,7.0,8.0,7.0,6.0
Nigeria,1982,7.0,8.0,7.0,6.0
Nigeria,1983,7.0,8.0,7.0,6.0
Nigeria,1984,-7.0,4.0,1.0,1.0
Nigeria,1985,-7.0,4.0,1.0,1.0
Nigeria,1986,-7.0,4.0,1.0,1.0
Nigeria,1987,-7.0,4.0,1.0,1.0
Nigeria,1988,-7.0,4.0,1.0,1.0
Nigeria,1989,-5.0,4.0,1.0,3.0
Nigeria,1990,-5.0,4.0,1.0,3.0
Nigeria,1991,-5.0,4.0,1.0,3.0
Nigeria,1992,-5.0,4.0,1.0,3.0
Nigeria,1993,-7.0,4.0,1.0,1.0
Nigeria,1994,-7.0,4.0,1.0,1.0
Nigeria,1995,-6.0,4.0,1.0,2.0
Nigeria,1996,-6.0,4.0,1.0,2.0
Nigeria,1997,-6.0,4.0,1.0,2.0
Nigeria,1998,-1.0,6.0,3.0,4.0
Nigeria,1999,4.0,7.0,5.0,5.0
Nigeria,2000,4.0,7.0,5.0,5.0
Nigeria,2001,4.0,7.0,5.0,5.0
Nigeria,2002,4.0,7.0,5.0,5.0
Nigeria,2003,4.0,7.0,5.0,5.0
Nigeria,2004,4.0,7.0,5.0,5.0
Gabon,1981,-9.0,3.0,1.0,1.0
Gabon,1982,-9.0,3.0,1.0,1.0
Gabon,1983,-9.0,3.0,1.0,1.0
Gabon,1984,-9.0,3.0,1.0,1.0
Gabon,1985,-9.0,3.0,1.0,1.0
Gabon,1986,-9.0,3.0,1.0,1.0
Gabon,1987,-9.0,3.0,1.0,1.0
Gabon,1988,-9.0,3.0,1.0,1.0
Gabon,1989,-9.0,3.0,1.0,1.0
Gabon,1990,-6.0,4.0,2.0,2.0
Gabon,1991,-4.0,5.0,2.0,3.0
Gabon,1992,-4.0,5.0,2.0,3.0
Gabon,1993,-4.0,5.0,2.0,3.0
Gabon,1994,-4.0,5.0,2.0,3.0
Gabon,1995,-4.0,5.0,2.0,3.0
Gabon,1996,-4.0,5.0,2.0,3.0
Gabon,1997,-4.0,5.0,2.0,3.0
Gabon,1998,-4.0,5.0,2.0,3.0
Gabon,1999,-4.0,5.0,2.0,3.0
Gabon,2000,-4.0,5.0,2.0,3.0
Gabon,2001,-4.0,5.0,2.0,3.0
Gabon,2002,-4.0,5.0,2.0,3.0
Gabon,2003,-4.0,5.0,2.0,3.0
Gabon,2004,-4.0,5.0,2.0,3.0
Central African Republic,1981,-7.0,4.0,1.0,1.0
Central African Republic,1982,-7.0,4.0,1.0,1.0
Central African Republic,1983,-7.0,4.0,1.0,1.0
Central African Republic,1984,-7.0,4.0,1.0,1.0
Central African Republic,1985,-7.0,4.0,1.0,1.0
Central African Republic,1986,-7.0,4.0,1.0,1.0
Central African Republic,1987,-7.0,4.0,1.0,1.0
Central African Republic,1988,-7.0,4.0,1.0,1.0
Central African Republic,1989,-7.0,4.0,1.0,1.0
Central African Republic,1990,-7.0,4.0,1.0,1.0
Central African Republic,1991,-6.0,5.0,1.0,2.0
Central African Republic,1992,-6.0,5.0,1.0,2.0
Central African Republic,1993,6.0,7.0,5.0,7.0
Central African Republic,1994,6.0,7.0,5.0,7.0
Central African Republic,1995,6.0,7.0,5.0,7.0
Central African Republic,1996,6.0,7.0,5.0,7.0
Central African Republic,1997,6.0,7.0,5.0,7.0
Central African Republic,1998,6.0,7.0,5.0,7.0
Central African Republic,1999,5.0,7.0,5.0,7.0
Central African Republic,2000,5.0,7.0,5.0,7.0
Central African Republic,2001,5.0,7.0,5.0,7.0
Central African Republic,2002,5.0,7.0,5.0,7.0
Central African Republic,2003,-1.0,4.0,2.0,7.0
Central African Republic,2004,-1.0,4.0,2.0,7.0
Chad,1981,0.0,,,
Chad,1982,0.0,,,
Chad,1983,0.0,,,
Chad,1984,-4.0,2.0,1.0,1.0
Chad,1985,-7.0,4.0,1.0,1.0
Chad,1986,-7.0,4.0,1.0,1.0
Chad,1987,-7.0,4.0,1.0,1.0
Chad,1988,-7.0,4.0,1.0,1.0
Chad,1989,-7.0,4.0,1.0,1.0
Chad,1990,-7.0,4.0,1.0,1.0
Chad,1991,-5.0,5.0,2.0,2.0
Chad,1992,-4.0,5.0,2.0,3.0
Chad,1993,-4.0,5.0,2.0,3.0
Chad,1994,-4.0,5.0,2.0,3.0
Chad,1995,-4.0,5.0,2.0,3.0
Chad,1996,-2.0,5.0,2.0,6.0
Chad,1997,-2.0,5.0,2.0,6.0
Chad,1998,-2.0,5.0,2.0,6.0
Chad,1999,-2.0,5.0,2.0,6.0
Chad,2000,-2.0,5.0,2.0,6.0
Chad,2001,-2.0,5.0,2.0,6.0
Chad,2002,-2.0,5.0,2.0,6.0
Chad,2003,-2.0,5.0,2.0,6.0
Chad,2004,-2.0,5.0,2.0,6.0
"Congo, Republic of",1981,-8.0,3.0,2.0,1.0
"Congo, Republic of",1982,-8.0,3.0,2.0,1.0
"Congo, Republic of",1983,-8.0,3.0,2.0,1.0
"Congo, Republic of",1984,-8.0,3.0,2.0,1.0
"Congo, Republic of",1985,-8.0,3.0,2.0,1.0
"Congo, Republic of",1986,-8.0,3.0,2.0,1.0
"Congo, Republic of",1987,-8.0,3.0,2.0,1.0
"Congo, Republic of",1988,-8.0,3.0,2.0,1.0
"Congo, Republic of",1989,-8.0,3.0,2.0,1.0
"Congo, Republic of",1990,-8.0,3.0,2.0,1.0
"Congo, Republic of",1991,-1.0,6.0,4.0,4.0
"Congo, Republic of",1992,5.0,8.0,5.0,6.0
"Congo, Republic of",1993,5.0,8.0,5.0,6.0
"Congo, Republic of",1994,5.0,8.0,5.0,6.0
"Congo, Republic of",1995,5.0,8.0,5.0,6.0
"Congo, Republic of",1996,5.0,8.0,5.0,6.0
"Congo, Republic of",1997,-6.0,4.0,1.0,2.0
"Congo, Republic of",1998,-6.0,4.0,1.0,2.0
"Congo, Republic of",1999,-6.0,4.0,1.0,2.0
"Congo, Republic of",2000,-6.0,4.0,1.0,2.0
"Congo, Republic of",2001,-5.0,5.0,1.0,3.0
"Congo, Republic of",2002,-4.0,5.0,2.0,3.0
"Congo, Republic of",2003,-4.0,5.0,2.0,3.0
"Congo, Republic of",2004,-4.0,5.0,2.0,3.0
"Congo, Dem. Rep.",1981,-9.0,3.0,1.0,1.0
"Congo, Dem. Rep.",1982,-9.0,3.0,1.0,1.0
"Congo, Dem. Rep.",1983,-9.0,3.0,1.0,1.0
"Congo, Dem. Rep.",1984,-9.0,3.0,1.0,1.0
"Congo, Dem. Rep.",1985,-9.0,3.0,1.0,1.0
"Congo, Dem. Rep.",1986,-9.0,3.0,1.0,1.0
"Congo, Dem. Rep.",1987,-9.0,3.0,1.0,1.0
"Congo, Dem. Rep.",1988,-9.0,3.0,1.0,1.0
"Congo, Dem. Rep.",1989,-9.0,3.0,1.0,1.0
"Congo, Dem. Rep.",1990,-8.0,3.0,1.0,2.0
"Congo, Dem. Rep.",1991,-8.0,3.0,1.0,2.0
"Congo, Dem. Rep.",1992,0.0,,,
"Congo, Dem. Rep.",1993,0.0,,,
"Congo, Dem. Rep.",1994,0.0,,,
"Congo, Dem. Rep.",1995,0.0,,,
"Congo, Dem. Rep.",1996,0.0,,,
"Congo, Dem. Rep.",1997,0.0,,,
"Congo, Dem. Rep.",1998,0.0,,,
"Congo, Dem. Rep.",1999,0.0,,,
"Congo, Dem. Rep.",2000,0.0,,,
"Congo, Dem. Rep.",2001,0.0,,,
"Congo, Dem. Rep.",2002,0.0,,,
"Congo, Dem. Rep.",2003,,,,
"Congo, Dem. Rep.",2004,,,,
Uganda,1981,3.0,7.0,4.0,6.0
Uganda,1982,3.0,7.0,4.0,6.0
Uganda,1983,3.0,7.0,4.0,6.0
Uganda,1984,3.0,7.0,4.0,6.0
Uganda,1985,0.0,,,
Uganda,1986,-7.0,4.0,1.0,1.0
Uganda,1987,-7.0,4.0,1.0,1.0
Uganda,1988,-7.0,4.0,1.0,1.0
Uganda,1989,-7.0,4.0,1.0,1.0
Uganda,1990,-7.0,4.0,1.0,1.0
Uganda,1991,-7.0,4.0,1.0,1.0
Uganda,1992,-7.0,4.0,1.0,1.0
Uganda,1993,-4.0,4.0,3.0,2.0
Uganda,1994,-4.0,4.0,3.0,2.0
Uganda,1995,-4.0,4.0,3.0,2.0
Uganda,1996,-4.0,5.0,3.0,2.0
Uganda,1997,-4.0,5.0,3.0,2.0
Uganda,1998,-4.0,5.0,3.0,2.0
Uganda,1999,-4.0,5.0,3.0,2.0
Uganda,2000,-4.0,5.0,3.0,2.0
Uganda,2001,-4.0,5.0,3.0,2.0
Uganda,2002,-4.0,5.0,3.0,2.0
Uganda,2003,-4.0,5.0,3.0,2.0
Uganda,2004,-4.0,5.0,3.0,2.0
Kenya,1981,-6.0,3.0,3.0,2.0
Kenya,1982,-7.0,3.0,3.0,1.0
Kenya,1983,-7.0,3.0,3.0,1.0
Kenya,1984,-7.0,3.0,3.0,1.0
Kenya,1985,-7.0,3.0,3.0,1.0
Kenya,1986,-7.0,3.0,3.0,1.0
Kenya,1987,-7.0,3.0,3.0,1.0
Kenya,1988,-7.0,3.0,3.0,1.0
Kenya,1989,-7.0,3.0,3.0,1.0
Kenya,1990,-7.0,3.0,3.0,1.0
Kenya,1991,-5.0,3.0,3.0,3.0
Kenya,1992,-5.0,3.0,3.0,3.0
Kenya,1993,-5.0,3.0,3.0,3.0
Kenya,1994,-5.0,3.0,3.0,3.0
Kenya,1995,-5.0,3.0,3.0,3.0
Kenya,1996,-5.0,3.0,3.0,3.0
Kenya,1997,-2.0,3.0,3.0,8.0
Kenya,1998,-2.0,3.0,3.0,8.0
Kenya,1999,-2.0,3.0,3.0,8.0
Kenya,2000,-2.0,3.0,3.0,8.0
Kenya,2001,-2.0,3.0,3.0,8.0
Kenya,2002,8.0,8.0,6.0,9.0
Kenya,2003,8.0,8.0,6.0,9.0
Kenya,2004,8.0,8.0,6.0,9.0
Tanzania,1981,-7.0,3.0,3.0,1.0
Tanzania,1982,-7.0,3.0,3.0,1.0
Tanzania,1983,-7.0,3.0,3.0,1.0
Tanzania,1984,-7.0,3.0,3.0,1.0
Tanzania,1985,-7.0,3.0,3.0,1.0
Tanzania,1986,-7.0,3.0,3.0,1.0
Tanzania,1987,-7.0,3.0,3.0,1.0
Tanzania,1988,-7.0,3.0,3.0,1.0
Tanzania,1989,-7.0,3.0,3.0,1.0
Tanzania,1990,-7.0,3.0,3.0,1.0
Tanzania,1991,-7.0,3.0,3.0,1.0
Tanzania,1992,-6.0,3.0,3.0,2.0
Tanzania,1993,-6.0,3.0,3.0,2.0
Tanzania,1994,-6.0,3.0,3.0,2.0
Tanzania,1995,-1.0,7.0,3.0,3.0
Tanzania,1996,-1.0,7.0,3.0,3.0
Tanzania,1997,-1.0,7.0,3.0,3.0
Tanzania,1998,-1.0,7.0,3.0,3.0
Tanzania,1999,-1.0,7.0,3.0,3.0
Tanzania,2000,2.0,7.0,3.0,7.0
Tanzania,2001,2.0,7.0,3.0,7.0
Tanzania,2002,2.0,7.0,3.0,7.0
Tanzania,2003,2.0,7.0,3.0,7.0
Tanzania,2004,2.0,7.0,3.0,7.0
Burundi,1981,-7.0,4.0,1.0,1.0
Burundi,1982,-7.0,4.0,1.0,1.0
Burundi,1983,-7.0,4.0,1.0,1.0
Burundi,1984,-7.0,5.0,1.0,1.0
Burundi,1985,-7.0,5.0,1.0,1.0
Burundi,1986,-7.0,5.0,1.0,1.0
Burundi,1987,-7.0,4.0,1.0,1.0
Burundi,1988,-7.0,4.0,1.0,1.0
Burundi,1989,-7.0,4.0,1.0,1.0
Burundi,1990,-7.0,4.0,1.0,1.0
Burundi,1991,-7.0,4.0,1.0,1.0
Burundi,1992,-3.0,2.0,1.0,1.0
Burundi,1993,0.0,,,
Burundi,1994,0.0,,,
Burundi,1995,0.0,,,
Burundi,1996,-5.0,4.0,2.0,2.0
Burundi,1997,-5.0,4.0,2.0,2.0
Burundi,1998,-1.0,4.0,3.0,6.0
Burundi,1999,-1.0,4.0,3.0,6.0
Burundi,2000,-1.0,4.0,3.0,6.0
Burundi,2001,,,,
Burundi,2002,,,,
Burundi,2003,,,,
Burundi,2004,,,,
Rwanda,1981,-7.0,4.0,1.0,1.0
Rwanda,1982,-7.0,4.0,1.0,1.0
Rwanda,1983,-7.0,4.0,1.0,1.0
Rwanda,1984,-7.0,4.0,1.0,1.0
Rwanda,1985,-7.0,4.0,1.0,1.0
Rwanda,1986,-7.0,4.0,1.0,1.0
Rwanda,1987,-7.0,4.0,1.0,1.0
Rwanda,1988,-7.0,4.0,1.0,1.0
Rwanda,1989,-7.0,4.0,1.0,1.0
Rwanda,1990,-7.0,5.0,1.0,1.0
Rwanda,1991,-7.0,5.0,1.0,1.0
Rwanda,1992,-7.0,5.0,1.0,1.0
Rwanda,1993,-6.0,4.0,2.0,1.0
Rwanda,1994,-6.0,4.0,2.0,1.0
Rwanda,1995,-6.0,4.0,2.0,1.0
Rwanda,1996,-6.0,4.0,2.0,1.0
Rwanda,1997,-6.0,4.0,2.0,1.0
Rwanda,1998,-6.0,4.0,2.0,1.0
Rwanda,1999,-6.0,4.0,2.0,1.0
Rwanda,2000,-4.0,4.0,2.0,3.0
Rwanda,2001,-4.0,4.0,2.0,3.0
Rwanda,2002,-4.0,4.0,2.0,3.0
Rwanda,2003,-3.0,5.0,3.0,3.0
Rwanda,2004,-3.0,5.0,3.0,3.0
Somalia,1981,-7.0,5.0,1.0,1.0
Somalia,1982,-7.0,5.0,1.0,1.0
Somalia,1983,-7.0,5.0,1.0,1.0
Somalia,1984,-7.0,5.0,1.0,1.0
Somalia,1985,-7.0,5.0,1.0,1.0
Somalia,1986,-7.0,5.0,1.0,1.0
Somalia,1987,-7.0,5.0,1.0,1.0
Somalia,1988,-7.0,5.0,1.0,1.0
Somalia,1989,-7.0,5.0,1.0,1.0
Somalia,1990,-7.0,5.0,1.0,1.0
Somalia,1991,0.0,,,
Somalia,1992,0.0,,,
Somalia,1993,0.0,,,
Somalia,1994,0.0,,,
Somalia,1995,0.0,,,
Somalia,1996,0.0,,,
Somalia,1997,0.0,,,
Somalia,1998,0.0,,,
Somalia,1999,0.0,,,
Somalia,2000,0.0,,,
Somalia,2001,0.0,,,
Somalia,2002,0.0,,,
Somalia,2003,0.0,,,
Somalia,2004,0.0,,,
Djibouti,1981,-8.0,3.0,2.0,1.0
Djibouti,1982,-8.0,3.0,2.0,1.0
Djibouti,1983,-8.0,3.0,2.0,1.0
Djibouti,1984,-8.0,3.0,2.0,1.0
Djibouti,1985,-8.0,3.0,2.0,1.0
Djibouti,1986,-8.0,3.0,2.0,1.0
Djibouti,1987,-8.0,3.0,2.0,1.0
Djibouti,1988,-8.0,3.0,2.0,1.0
Djibouti,1989,-8.0,3.0,2.0,1.0
Djibouti,1990,-8.0,3.0,2.0,1.0
Djibouti,1991,-8.0,3.0,2.0,1.0
Djibouti,1992,-7.0,3.0,2.0,2.0
Djibouti,1993,-7.0,3.0,2.0,2.0
Djibouti,1994,-7.0,3.0,2.0,2.0
Djibouti,1995,-7.0,3.0,2.0,2.0
Djibouti,1996,-6.0,3.0,2.0,3.0
Djibouti,1997,-6.0,3.0,2.0,3.0
Djibouti,1998,-6.0,3.0,2.0,3.0
Djibouti,1999,2.0,7.0,3.0,7.0
Djibouti,2000,2.0,7.0,3.0,7.0
Djibouti,2001,2.0,7.0,3.0,7.0
Djibouti,2002,2.0,7.0,3.0,7.0
Djibouti,2003,2.0,7.0,3.0,7.0
Djibouti,2004,2.0,7.0,3.0,7.0
Ethiopia,1981,-7.0,3.0,3.0,1.0
Ethiopia,1982,-7.0,3.0,3.0,1.0
Ethiopia,1983,-7.0,3.0,3.0,1.0
Ethiopia,1984,-8.0,3.0,2.0,1.0
Ethiopia,1985,-8.0,3.0,2.0,1.0
Ethiopia,1986,-8.0,3.0,2.0,1.0
Ethiopia,1987,-8.0,3.0,2.0,1.0
Ethiopia,1988,-8.0,3.0,2.0,1.0
Ethiopia,1989,-8.0,3.0,2.0,1.0
Ethiopia,1990,-8.0,3.0,2.0,1.0
Ethiopia,1991,0.0,,,
Ethiopia,1992,0.0,2.0,1.0,2.0
Ethiopia,1993,1.0,4.0,2.0,4.0
Ethiopia,1994,1.0,6.0,3.0,5.0
Ethiopia,1995,1.0,7.0,3.0,6.0
Ethiopia,1996,1.0,7.0,3.0,6.0
Ethiopia,1997,1.0,7.0,3.0,6.0
Ethiopia,1998,1.0,7.0,3.0,6.0
Ethiopia,1999,1.0,7.0,3.0,6.0
Ethiopia,2000,1.0,7.0,3.0,6.0
Ethiopia,2001,1.0,7.0,3.0,6.0
Ethiopia,2002,1.0,7.0,3.0,6.0
Ethiopia,2003,1.0,7.0,3.0,6.0
Ethiopia,2004,1.0,7.0,3.0,6.0
Angola,1981,-7.0,3.0,3.0,1.0
Angola,1982,-7.0,3.0,3.0,1.0
Angola,1983,-7.0,3.0,3.0,1.0
Angola,1984,-7.0,3.0,3.0,1.0
Angola,1985,-7.0,3.0,3.0,1.0
Angola,1986,-7.0,3.0,3.0,1.0
Angola,1987,-7.0,3.0,3.0,1.0
Angola,1988,-7.0,3.0,3.0,1.0
Angola,1989,-7.0,3.0,3.0,1.0
Angola,1990,-7.0,3.0,3.0,1.0
Angola,1991,-3.0,1.0,1.0,1.0
Angola,1992,0.0,,,
Angola,1993,-1.0,1.0,1.0,2.0
Angola,1994,-1.0,2.0,2.0,3.0
Angola,1995,-2.0,3.0,2.0,4.0
Angola,1996,-2.0,3.0,3.0,5.0
Angola,1997,-3.0,3.0,3.0,6.0
Angola,1998,-3.0,3.0,3.0,6.0
Angola,1999,-3.0,3.0,3.0,6.0
Angola,2000,-3.0,3.0,3.0,6.0
Angola,2001,-3.0,3.0,3.0,6.0
Angola,2002,-2.0,3.0,3.0,8.0
Angola,2003,-2.0,3.0,3.0,8.0
Angola,2004,-2.0,3.0,3.0,8.0
Mozambique,1981,-8.0,3.0,2.0,1.0
Mozambique,1982,-8.0,3.0,2.0,1.0
Mozambique,1983,-8.0,3.0,2.0,1.0
Mozambique,1984,-8.0,3.0,2.0,1.0
Mozambique,1985,-8.0,3.0,2.0,1.0
Mozambique,1986,-7.0,3.0,3.0,1.0
Mozambique,1987,-7.0,3.0,3.0,1.0
Mozambique,1988,-7.0,3.0,3.0,1.0
Mozambique,1989,-7.0,3.0,3.0,1.0
Mozambique,1990,-7.0,3.0,3.0,1.0
Mozambique,1991,-6.0,3.0,3.0,2.0
Mozambique,1992,-6.0,3.0,3.0,2.0
Mozambique,1993,-6.0,3.0,3.0,2.0
Mozambique,1994,6.0,8.0,4.0,9.0
Mozambique,1995,6.0,8.0,4.0,9.0
Mozambique,1996,6.0,8.0,4.0,9.0
Mozambique,1997,6.0,8.0,4.0,9.0
Mozambique,1998,6.0,8.0,4.0,9.0
Mozambique,1999,6.0,8.0,4.0,9.0
Mozambique,2000,6.0,8.0,4.0,9.0
Mozambique,2001,6.0,8.0,4.0,9.0
Mozambique,2002,6.0,8.0,4.0,9.0
Mozambique,2003,6.0,8.0,4.0,9.0
Mozambique,2004,6.0,8.0,4.0,9.0
Zambia,1981,-9.0,3.0,1.0,1.0
Zambia,1982,-9.0,3.0,1.0,1.0
Zambia,1983,-9.0,3.0,1.0,1.0
Zambia,1984,-9.0,3.0,1.0,1.0
Zambia,1985,-9.0,3.0,1.0,1.0
Zambia,1986,-9.0,3.0,1.0,1.0
Zambia,1987,-9.0,3.0,1.0,1.0
Zambia,1988,-9.0,3.0,1.0,1.0
Zambia,1989,-9.0,3.0,1.0,1.0
Zambia,1990,-9.0,3.0,1.0,1.0
Zambia,1991,6.0,8.0,5.0,7.0
Zambia,1992,6.0,8.0,5.0,7.0
Zambia,1993,6.0,8.0,5.0,7.0
Zambia,1994,6.0,8.0,5.0,7.0
Zambia,1995,6.0,8.0,5.0,7.0
Zambia,1996,1.0,3.0,5.0,7.0
Zambia,1997,1.0,3.0,5.0,7.0
Zambia,1998,1.0,3.0,5.0,7.0
Zambia,1999,1.0,3.0,5.0,7.0
Zambia,2000,1.0,3.0,5.0,7.0
Zambia,2001,5.0,7.0,5.0,7.0
Zambia,2002,5.0,7.0,5.0,7.0
Zambia,2003,5.0,7.0,5.0,7.0
Zambia,2004,5.0,7.0,5.0,7.0
Zimbabwe,1981,5.0,7.0,5.0,6.0
Zimbabwe,1982,5.0,7.0,5.0,6.0
Zimbabwe,1983,1.0,7.0,4.0,3.0
Zimbabwe,1984,1.0,7.0,4.0,3.0
Zimbabwe,1985,1.0,7.0,4.0,3.0
Zimbabwe,1986,1.0,7.0,4.0,3.0
Zimbabwe,1987,-6.0,3.0,3.0,2.0
Zimbabwe,1988,-6.0,3.0,3.0,2.0
Zimbabwe,1989,-6.0,3.0,3.0,2.0
Zimbabwe,1990,-6.0,3.0,3.0,2.0
Zimbabwe,1991,-6.0,3.0,3.0,2.0
Zimbabwe,1992,-6.0,3.0,3.0,2.0
Zimbabwe,1993,-6.0,3.0,3.0,2.0
Zimbabwe,1994,-6.0,3.0,3.0,2.0
Zimbabwe,1995,-6.0,3.0,3.0,2.0
Zimbabwe,1996,-6.0,3.0,3.0,2.0
Zimbabwe,1997,-6.0,3.0,3.0,2.0
Zimbabwe,1998,-6.0,3.0,3.0,2.0
Zimbabwe,1999,-6.0,3.0,3.0,2.0
Zimbabwe,2000,-5.0,3.0,3.0,3.0
Zimbabwe,2001,-6.0,3.0,2.0,3.0
Zimbabwe,2002,-7.0,3.0,2.0,2.0
Zimbabwe,2003,-7.0,3.0,2.0,2.0
Zimbabwe,2004,-7.0,3.0,2.0,2.0
Malawi,1981,-9.0,3.0,1.0,1.0
Malawi,1982,-9.0,3.0,1.0,1.0
Malawi,1983,-9.0,3.0,1.0,1.0
Malawi,1984,-9.0,3.0,1.0,1.0
Malawi,1985,-9.0,3.0,1.0,1.0
Malawi,1986,-9.0,3.0,1.0,1.0
Malawi,1987,-9.0,3.0,1.0,1.0
Malawi,1988,-9.0,3.0,1.0,1.0
Malawi,1989,-9.0,3.0,1.0,1.0
Malawi,1990,-9.0,3.0,1.0,1.0
Malawi,1991,-9.0,3.0,1.0,1.0
Malawi,1992,-9.0,3.0,1.0,1.0
Malawi,1993,-8.0,3.0,1.0,2.0
Malawi,1994,7.0,7.0,5.0,9.0
Malawi,1995,7.0,7.0,5.0,9.0
Malawi,1996,7.0,7.0,5.0,9.0
Malawi,1997,7.0,7.0,5.0,9.0
Malawi,1998,7.0,7.0,5.0,9.0
Malawi,1999,6.0,7.0,5.0,9.0
Malawi,2000,6.0,7.0,5.0,9.0
Malawi,2001,4.0,7.0,4.0,8.0
Malawi,2002,4.0,7.0,4.0,8.0
Malawi,2003,5.0,7.0,5.0,8.0
Malawi,2004,6.0,7.0,6.0,8.0
South Africa,1981,4.0,8.0,7.0,2.0
South Africa,1982,4.0,8.0,7.0,2.0
South Africa,1983,4.0,8.0,7.0,2.0
South Africa,1984,4.0,8.0,7.0,2.0
South Africa,1985,4.0,8.0,7.0,2.0
South Africa,1986,4.0,8.0,7.0,2.0
South Africa,1987,4.0,8.0,7.0,2.0
South Africa,1988,4.0,8.0,7.0,2.0
South Africa,1989,4.0,8.0,7.0,2.0
South Africa,1990,5.0,8.0,7.0,3.0
South Africa,1991,5.0,8.0,7.0,3.0
South Africa,1992,6.0,8.0,7.0,5.0
South Africa,1993,8.0,8.0,7.0,7.0
South Africa,1994,9.0,8.0,7.0,9.0
South Africa,1995,9.0,8.0,7.0,9.0
South Africa,1996,9.0,8.0,7.0,9.0
South Africa,1997,9.0,8.0,7.0,9.0
South Africa,1998,9.0,8.0,7.0,9.0
South Africa,1999,9.0,8.0,7.0,9.0
South Africa,2000,9.0,8.0,7.0,9.0
South Africa,2001,9.0,8.0,7.0,9.0
South Africa,2002,9.0,8.0,7.0,9.0
South Africa,2003,9.0,8.0,7.0,9.0
South Africa,2004,9.0,8.0,7.0,9.0
Namibia,1991,6.0,7.0,5.0,9.0
Namibia,1992,6.0,7.0,5.0,9.0
Namibia,1993,6.0,7.0,5.0,9.0
Namibia,1994,6.0,7.0,5.0,9.0
Namibia,1995,6.0,7.0,5.0,9.0
Namibia,1996,6.0,7.0,5.0,9.0
Namibia,1997,6.0,7.0,5.0,9.0
Namibia,1998,6.0,7.0,5.0,9.0
Namibia,1999,6.0,7.0,5.0,9.0
Namibia,2000,6.0,7.0,5.0,9.0
Namibia,2001,6.0,7.0,5.0,9.0
Namibia,2002,6.0,7.0,5.0,9.0
Namibia,2003,6.0,7.0,5.0,9.0
Namibia,2004,6.0,7.0,5.0,9.0
Lesotho,1981,-7.0,3.0,2.0,2.0
Lesotho,1982,-7.0,3.0,2.0,2.0
Lesotho,1983,-7.0,3.0,2.0,2.0
Lesotho,1984,-7.0,3.0,2.0,2.0
Lesotho,1985,-7.0,3.0,2.0,2.0
Lesotho,1986,-7.0,4.0,1.0,1.0
Lesotho,1987,-7.0,4.0,1.0,1.0
Lesotho,1988,-7.0,4.0,1.0,1.0
Lesotho,1989,-7.0,4.0,1.0,1.0
Lesotho,1990,-7.0,4.0,1.0,1.0
Lesotho,1991,-7.0,5.0,1.0,1.0
Lesotho,1992,-7.0,5.0,1.0,1.0
Lesotho,1993,8.0,8.0,7.0,7.0
Lesotho,1994,8.0,8.0,7.0,7.0
Lesotho,1995,8.0,8.0,7.0,7.0
Lesotho,1996,8.0,8.0,7.0,7.0
Lesotho,1997,8.0,8.0,7.0,7.0
Lesotho,1998,0.0,,,
Lesotho,1999,2.0,2.0,2.0,2.0
Lesotho,2000,4.0,4.0,4.0,4.0
Lesotho,2001,6.0,6.0,6.0,6.0
Lesotho,2002,8.0,8.0,7.0,7.0
Lesotho,2003,8.0,8.0,7.0,7.0
Lesotho,2004,8.0,8.0,7.0,7.0
Botswana,1981,7.0,8.0,5.0,9.0
Botswana,1982,7.0,8.0,5.0,9.0
Botswana,1983,7.0,8.0,5.0,9.0
Botswana,1984,7.0,8.0,5.0,9.0
Botswana,1985,7.0,8.0,5.0,9.0
Botswana,1986,7.0,8.0,5.0,9.0
Botswana,1987,8.0,8.0,6.0,9.0
Botswana,1988,8.0,8.0,6.0,9.0
Botswana,1989,8.0,8.0,6.0,9.0
Botswana,1990,8.0,8.0,6.0,9.0
Botswana,1991,8.0,8.0,6.0,9.0
Botswana,1992,8.0,8.0,6.0,9.0
Botswana,1993,8.0,8.0,6.0,9.0
Botswana,1994,8.0,8.0,6.0,9.0
Botswana,1995,8.0,8.0,6.0,9.0
Botswana,1996,9.0,8.0,6.0,9.0
Botswana,1997,9.0,8.0,7.0,9.0
Botswana,1998,9.0,8.0,7.0,9.0
Botswana,1999,9.0,8.0,7.0,9.0
Botswana,2000,9.0,8.0,7.0,9.0
Botswana,2001,9.0,8.0,7.0,9.0
Botswana,2002,9.0,8.0,7.0,9.0
Botswana,2003,9.0,8.0,7.0,9.0
Botswana,2004,9.0,8.0,7.0,9.0
Swaziland,1981,-10.0,2.0,1.0,1.0
Swaziland,1982,-10.0,2.0,1.0,1.0
Swaziland,1983,-10.0,2.0,1.0,1.0
Swaziland,1984,-10.0,2.0,1.0,1.0
Swaziland,1985,-10.0,2.0,1.0,1.0
Swaziland,1986,-10.0,2.0,1.0,1.0
Swaziland,1987,-10.0,2.0,1.0,1.0
Swaziland,1988,-10.0,2.0,1.0,1.0
Swaziland,1989,-10.0,2.0,1.0,1.0
Swaziland,1990,-10.0,2.0,1.0,1.0
Swaziland,1991,-10.0,2.0,1.0,1.0
Swaziland,1992,-10.0,2.0,1.0,1.0
Swaziland,1993,-9.0,2.0,1.0,2.0
Swaziland,1994,-9.0,2.0,1.0,2.0
Swaziland,1995,-9.0,2.0,1.0,2.0
Swaziland,1996,-9.0,2.0,1.0,2.0
Swaziland,1997,-9.0,2.0,1.0,2.0
Swaziland,1998,-9.0,2.0,1.0,2.0
Swaziland,1999,-9.0,2.0,2.0,1.0
Swaziland,2000,-9.0,2.0,2.0,1.0
Swaziland,2001,-9.0,2.0,2.0,1.0
Swaziland,2002,-9.0,2.0,2.0,1.0
Swaziland,2003,-9.0,2.0,2.0,1.0
Swaziland,2004,-9.0,2.0,2.0,1.0
Madagascar,1981,-6.0,3.0,3.0,2.0
Madagascar,1982,-6.0,3.0,3.0,2.0
Madagascar,1983,-6.0,3.0,3.0,2.0
Madagascar,1984,-6.0,3.0,3.0,2.0
Madagascar,1985,-6.0,3.0,3.0,2.0
Madagascar,1986,-6.0,3.0,3.0,2.0
Madagascar,1987,-6.0,3.0,3.0,2.0
Madagascar,1988,-6.0,3.0,3.0,2.0
Madagascar,1989,-6.0,3.0,3.0,2.0
Madagascar,1990,-6.0,3.0,3.0,2.0
Madagascar,1991,2.0,6.0,5.0,5.0
Madagascar,1992,9.0,8.0,7.0,9.0
Madagascar,1993,9.0,8.0,7.0,9.0
Madagascar,1994,9.0,8.0,7.0,9.0
Madagascar,1995,9.0,8.0,7.0,9.0
Madagascar,1996,9.0,8.0,7.0,9.0
Madagascar,1997,8.0,8.0,6.0,9.0
Madagascar,1998,7.0,8.0,5.0,9.0
Madagascar,1999,7.0,8.0,5.0,9.0
Madagascar,2000,7.0,8.0,5.0,9.0
Madagascar,2001,7.0,8.0,5.0,9.0
Madagascar,2002,7.0,8.0,5.0,9.0
Madagascar,2003,7.0,8.0,5.0,9.0
Madagascar,2004,7.0,8.0,5.0,9.0
Sudan,1981,-7.0,5.0,3.0,1.0
Sudan,1982,-7.0,5.0,2.0,1.0
Sudan,1983,-7.0,5.0,2.0,1.0
Sudan,1984,-7.0,5.0,2.0,1.0
Sudan,1985,0.0,5.0,1.0,1.0
Sudan,1986,7.0,5.0,1.0,1.0
Sudan,1987,7.0,5.0,1.0,1.0
Sudan,1988,7.0,5.0,1.0,1.0
Sudan,1989,-7.0,5.0,1.0,1.0
Sudan,1990,-7.0,7.0,5.0,6.0
Sudan,1991,-7.0,7.0,5.0,6.0
Sudan,1992,-7.0,7.0,5.0,6.0
Sudan,1993,-7.0,7.0,5.0,6.0
Sudan,1994,-7.0,7.0,5.0,6.0
Sudan,1995,-7.0,7.0,5.0,6.0
Sudan,1996,-7.0,7.0,5.0,6.0
Sudan,1997,-7.0,7.0,5.0,6.0
Sudan,1998,-7.0,7.0,5.0,6.0
Sudan,1999,-7.0,4.0,1.0,7.0
Sudan,2000,-7.0,4.0,2.0,7.0
Sudan,2001,-7.0,4.0,2.0,9.0
Sudan,2002,-6.0,5.0,5.0,9.0
Sudan,2003,-6.0,5.0,5.0,9.0
Sudan,2004,-6.0,5.0,7.0,9.0
Angola,2005,-2.0,3.0,3.0,8.0
Angola,2006,-2.0,3.0,3.0,8.0
Angola,2007,-2.0,3.0,3.0,8.0
Angola,2008,-2.0,3.0,3.0,8.0
Angola,2009,-2.0,3.0,3.0,8.0
Angola,2010,-2.0,3.0,3.0,8.0
Angola,2011,-2.0,3.0,3.0,8.0
Angola,2012,-2.0,3.0,3.0,8.0
Angola,2013,-2.0,3.0,3.0,8.0
Angola,2014,-2.0,3.0,3.0,8.0
Angola,2015,-2.0,3.0,3.0,8.0
Angola,2016,-2.0,3.0,3.0,8.0
Angola,2017,-2.0,3.0,3.0,8.0
Angola,2018,-2.0,3.0,3.0,8.0
Benin,2005,6.0,7.0,5.0,9.0
Benin,2006,7.0,8.0,5.0,9.0
Benin,2007,7.0,8.0,5.0,9.0
Benin,2008,7.0,8.0,5.0,9.0
Benin,2009,7.0,8.0,5.0,9.0
Benin,2010,7.0,8.0,5.0,9.0
Benin,2011,7.0,8.0,5.0,9.0
Benin,2012,7.0,8.0,5.0,9.0
Benin,2013,7.0,8.0,5.0,9.0
Benin,2014,7.0,8.0,5.0,9.0
Benin,2015,7.0,8.0,5.0,9.0
Benin,2016,7.0,8.0,5.0,9.0
Benin,2017,7.0,8.0,5.0,9.0
Benin,2018,7.0,8.0,5.0,9.0
Botswana,2005,8.0,7.0,7.0,9.0
Botswana,2006,8.0,7.0,7.0,9.0
Botswana,2007,8.0,7.0,7.0,9.0
Botswana,2008,8.0,7.0,7.0,9.0
Botswana,2009,8.0,7.0,7.0,9.0
Botswana,2010,8.0,7.0,7.0,9.0
Botswana,2011,8.0,7.0,7.0,9.0
Botswana,2012,8.0,7.0,7.0,9.0
Botswana,2013,8.0,7.0,7.0,9.0
Botswana,2014,8.0,7.0,7.0,9.0
Botswana,2015,8.0,7.0,7.0,9.0
Botswana,2016,8.0,7.0,7.0,9.0
Botswana,2017,8.0,7.0,7.0,9.0
Botswana,2018,8.0,7.0,7.0,9.0
Burkina Faso,2005,0.0,5.0,3.0,8.0
Burkina Faso,2006,0.0,5.0,3.0,8.0
Burkina Faso,2007,0.0,5.0,3.0,8.0
Burkina Faso,2008,0.0,5.0,3.0,8.0
Burkina Faso,2009,0.0,5.0,3.0,8.0
Burkina Faso,2010,0.0,5.0,3.0,8.0
Burkina Faso,2011,0.0,5.0,3.0,8.0
Burkina Faso,2012,0.0,5.0,3.0,8.0
Burkina Faso,2013,0.0,5.0,3.0,8.0
Burkina Faso,2014,0.0,5.0,3.0,8.0
Burkina Faso,2015,6.0,7.0,6.0,8.0
Burkina Faso,2016,6.0,7.0,6.0,8.0
Burkina Faso,2017,6.0,7.0,6.0,8.0
Burkina Faso,2018,6.0,7.0,6.0,8.0
Burundi,2005,6.0,7.0,6.0,8.0
Burundi,2006,6.0,7.0,6.0,8.0
Burundi,2007,6.0,7.0,6.0,8.0
Burundi,2008,6.0,7.0,6.0,8.0
Burundi,2009,6.0,7.0,6.0,8.0
Burundi,2010,6.0,7.0,6.0,8.0
Burundi,2011,6.0,7.0,6.0,8.0
Burundi,2012,6.0,7.0,6.0,8.0
Burundi,2013,6.0,7.0,6.0,8.0
Burundi,2014,6.0,7.0,6.0,8.0
Burundi,2015,-1.0,3.0,4.0,6.0
Burundi,2016,-1.0,3.0,4.0,6.0
Burundi,2017,-1.0,3.0,4.0,6.0
Burundi,2018,-1.0,3.0,4.0,6.0
Cameroon,2005,-5.0,4.0,2.0,2.0
Cameroon,2006,-5.0,4.0,2.0,2.0
Cameroon,2007,-5.0,4.0,2.0,2.0
Cameroon,2008,-5.0,4.0,2.0,2.0
Cameroon,2009,-5.0,4.0,2.0,2.0
Cameroon,2010,-5.0,4.0,2.0,2.0
Cameroon,2011,-5.0,4.0,2.0,2.0
Cameroon,2012,-5.0,4.0,2.0,2.0
Cameroon,2013,-5.0,4.0,2.0,2.0
Cameroon,2014,-5.0,4.0,2.0,2.0
Cameroon,2015,-5.0,4.0,2.0,2.0
Cameroon,2016,-5.0,4.0,2.0,2.0
Cameroon,2017,-5.0,4.0,2.0,2.0
Cameroon,2018,-5.0,4.0,2.0,2.0
Cape Verde,2005,10.0,8.0,7.0,10.0
Cape Verde,2006,10.0,8.0,7.0,10.0
Cape Verde,2007,10.0,8.0,7.0,10.0
Cape Verde,2008,10.0,8.0,7.0,10.0
Cape Verde,2009,10.0,8.0,7.0,10.0
Cape Verde,2010,10.0,8.0,7.0,10.0
Cape Verde,2011,10.0,8.0,7.0,10.0
Cape Verde,2012,10.0,8.0,7.0,10.0
Cape Verde,2013,10.0,8.0,7.0,10.0
Cape Verde,2014,10.0,8.0,7.0,10.0
Cape Verde,2015,10.0,8.0,7.0,10.0
Cape Verde,2016,10.0,8.0,7.0,10.0
Cape Verde,2017,10.0,8.0,7.0,10.0
Cape Verde,2018,10.0,8.0,7.0,10.0
Central African Republic,2005,-1.0,5.0,3.0,6.0
Central African Republic,2006,-1.0,5.0,3.0,6.0
Central African Republic,2007,-1.0,5.0,3.0,6.0
Central African Republic,2008,-1.0,5.0,3.0,6.0
Central African Republic,2009,-1.0,5.0,3.0,6.0
Central African Republic,2010,-1.0,5.0,3.0,6.0
Central African Republic,2011,-1.0,5.0,3.0,6.0
Central African Republic,2012,-1.0,5.0,3.0,6.0
Central African Republic,2013,0.0,-77.0,-77.0,-77.0
Central African Republic,2014,0.0,-77.0,-77.0,-77.0
Central African Republic,2015,0.0,-77.0,-77.0,-77.0
Central African Republic,2016,6.0,7.0,7.0,6.0
Central African Republic,2017,6.0,7.0,7.0,6.0
Central African Republic,2018,6.0,7.0,7.0,6.0
Chad,2005,-1.0,4.0,3.0,6.0
Chad,2006,-1.0,4.0,3.0,6.0
Chad,2007,-1.0,4.0,3.0,6.0
Chad,2008,-1.0,4.0,3.0,6.0
Chad,2009,-1.0,4.0,3.0,6.0
Chad,2010,-1.0,4.0,3.0,6.0
Chad,2011,-1.0,4.0,3.0,6.0
Chad,2012,-1.0,4.0,3.0,6.0
Chad,2013,-1.0,4.0,3.0,6.0
Chad,2014,-1.0,4.0,3.0,6.0
Chad,2015,-1.0,4.0,3.0,6.0
Chad,2016,-1.0,4.0,3.0,6.0
Chad,2017,-1.0,4.0,3.0,6.0
Chad,2018,-1.0,4.0,3.0,6.0
Comoros,2005,6.0,5.0,7.0,9.0
Comoros,2006,9.0,8.0,7.0,9.0
Comoros,2007,9.0,8.0,7.0,9.0
Comoros,2008,9.0,8.0,7.0,9.0
Comoros,2009,9.0,8.0,7.0,9.0
Comoros,2010,9.0,8.0,7.0,9.0
Comoros,2011,9.0,8.0,7.0,9.0
Comoros,2012,9.0,8.0,7.0,9.0
Comoros,2013,9.0,8.0,7.0,9.0
Comoros,2014,9.0,8.0,7.0,9.0
Comoros,2015,9.0,8.0,7.0,9.0
Comoros,2016,9.0,8.0,7.0,9.0
Comoros,2017,9.0,8.0,7.0,9.0
Comoros,2018,-3.0,4.0,3.0,3.0
Djibouti,2005,2.0,7.0,3.0,7.0
Djibouti,2006,2.0,7.0,3.0,7.0
Djibouti,2007,2.0,7.0,3.0,7.0
Djibouti,2008,2.0,7.0,3.0,7.0
Djibouti,2009,2.0,7.0,3.0,7.0
Djibouti,2010,2.0,7.0,3.0,7.0
Djibouti,2011,2.0,7.0,3.0,7.0
Djibouti,2012,2.0,7.0,3.0,7.0
Djibouti,2013,3.0,7.0,4.0,5.0
Djibouti,2014,3.0,7.0,4.0,5.0
Djibouti,2015,3.0,7.0,4.0,5.0
Djibouti,2016,3.0,7.0,4.0,5.0
Djibouti,2017,3.0,7.0,4.0,5.0
Djibouti,2018,3.0,7.0,4.0,5.0
Equatorial Guinea,2005,-6.0,4.0,1.0,2.0
Equatorial Guinea,2006,-6.0,4.0,1.0,2.0
Equatorial Guinea,2007,-6.0,4.0,1.0,2.0
Equatorial Guinea,2008,-6.0,4.0,1.0,2.0
Equatorial Guinea,2009,-6.0,4.0,1.0,2.0
Equatorial Guinea,2010,-6.0,4.0,1.0,2.0
Equatorial Guinea,2011,-6.0,4.0,1.0,2.0
Equatorial Guinea,2012,-6.0,4.0,1.0,2.0
Equatorial Guinea,2013,-6.0,4.0,1.0,2.0
Equatorial Guinea,2014,-6.0,4.0,1.0,2.0
Equatorial Guinea,2015,-6.0,4.0,1.0,2.0
Equatorial Guinea,2016,-6.0,4.0,1.0,2.0
Equatorial Guinea,2017,-6.0,4.0,1.0,2.0
Equatorial Guinea,2018,-6.0,4.0,1.0,2.0
Eritrea,2005,-7.0,3.0,2.0,2.0
Eritrea,2006,-7.0,3.0,2.0,2.0
Eritrea,2007,-7.0,3.0,2.0,2.0
Eritrea,2008,-7.0,3.0,2.0,2.0
Eritrea,2009,-7.0,3.0,2.0,2.0
Eritrea,2010,-7.0,3.0,2.0,2.0
Eritrea,2011,-7.0,3.0,2.0,2.0
Eritrea,2012,-7.0,3.0,2.0,2.0
Eritrea,2013,-7.0,3.0,2.0,2.0
Eritrea,2014,-7.0,3.0,2.0,2.0
Eritrea,2015,-7.0,3.0,2.0,2.0
Eritrea,2016,-7.0,3.0,2.0,2.0
Eritrea,2017,-7.0,3.0,2.0,2.0
Eritrea,2018,-7.0,3.0,2.0,2.0
Ethiopia,2005,-3.0,3.0,3.0,6.0
Ethiopia,2006,-3.0,3.0,3.0,6.0
Ethiopia,2007,-3.0,3.0,3.0,6.0
Ethiopia,2008,-3.0,3.0,3.0,6.0
Ethiopia,2009,-3.0,3.0,3.0,6.0
Ethiopia,2010,-3.0,3.0,3.0,6.0
Ethiopia,2011,-3.0,3.0,3.0,6.0
Ethiopia,2012,-3.0,3.0,3.0,6.0
Ethiopia,2013,-3.0,3.0,3.0,6.0
Ethiopia,2014,-3.0,3.0,3.0,6.0
Ethiopia,2015,-3.0,3.0,3.0,6.0
Ethiopia,2016,-3.0,3.0,3.0,6.0
Ethiopia,2017,-3.0,3.0,3.0,6.0
Ethiopia,2018,1.0,3.0,5.0,7.0
Gabon,2005,-4.0,5.0,2.0,3.0
Gabon,2006,-4.0,5.0,2.0,3.0
Gabon,2007,-4.0,5.0,2.0,3.0
Gabon,2008,-4.0,5.0,2.0,3.0
Gabon,2009,3.0,7.0,4.0,6.0
Gabon,2010,3.0,7.0,4.0,6.0
Gabon,2011,3.0,7.0,4.0,6.0
Gabon,2012,3.0,7.0,4.0,6.0
Gabon,2013,3.0,7.0,4.0,6.0
Gabon,2014,3.0,7.0,4.0,6.0
Gabon,2015,3.0,7.0,4.0,6.0
Gabon,2016,3.0,7.0,4.0,6.0
Gabon,2017,3.0,7.0,4.0,6.0
Gabon,2018,3.0,7.0,4.0,6.0
Gambia,2005,-5.0,5.0,2.0,2.0
Gambia,2006,-5.0,5.0,2.0,2.0
Gambia,2007,-5.0,5.0,2.0,2.0
Gambia,2008,-5.0,5.0,2.0,2.0
Gambia,2009,-5.0,5.0,2.0,2.0
Gambia,2010,-5.0,5.0,2.0,2.0
Gambia,2011,-5.0,5.0,2.0,2.0
Gambia,2012,-5.0,5.0,2.0,2.0
Gambia,2013,-5.0,5.0,2.0,2.0
Gambia,2014,-5.0,5.0,2.0,2.0
Gambia,2015,-5.0,5.0,2.0,2.0
Gambia,2016,-5.0,5.0,2.0,2.0
Gambia,2017,4.0,7.0,5.0,5.0
Gambia,2018,4.0,7.0,5.0,5.0
Ghana,2005,8.0,8.0,6.0,9.0
Ghana,2006,8.0,8.0,6.0,9.0
Ghana,2007,8.0,8.0,6.0,9.0
Ghana,2008,8.0,8.0,6.0,9.0
Ghana,2009,8.0,8.0,6.0,9.0
Ghana,2010,8.0,8.0,6.0,9.0
Ghana,2011,8.0,8.0,6.0,9.0
Ghana,2012,8.0,8.0,6.0,9.0
Ghana,2013,8.0,8.0,6.0,9.0
Ghana,2014,8.0,8.0,6.0,9.0
Ghana,2015,8.0,8.0,6.0,9.0
Ghana,2016,8.0,8.0,6.0,9.0
Ghana,2017,8.0,8.0,6.0,9.0
Ghana,2018,8.0,8.0,6.0,9.0
Guinea,2005,-1.0,5.0,3.0,6.0
Guinea,2006,-1.0,5.0,3.0,6.0
Guinea,2007,-1.0,5.0,3.0,6.0
Guinea,2008,-1.0,4.0,3.0,6.0
Guinea,2009,-1.0,4.0,3.0,6.0
Guinea,2010,1.0,7.0,3.0,6.0
Guinea,2011,1.0,7.0,3.0,6.0
Guinea,2012,1.0,7.0,3.0,6.0
Guinea,2013,4.0,7.0,4.0,7.0
Guinea,2014,4.0,7.0,4.0,7.0
Guinea,2015,4.0,7.0,4.0,7.0
Guinea,2016,4.0,7.0,4.0,7.0
Guinea,2017,4.0,7.0,4.0,7.0
Guinea,2018,4.0,7.0,4.0,7.0
Guinea-Bissau,2005,6.0,7.0,6.0,7.0
Guinea-Bissau,2006,6.0,7.0,6.0,7.0
Guinea-Bissau,2007,6.0,7.0,6.0,7.0
Guinea-Bissau,2008,6.0,7.0,6.0,7.0
Guinea-Bissau,2009,6.0,7.0,6.0,8.0
Guinea-Bissau,2010,6.0,7.0,6.0,8.0
Guinea-Bissau,2011,6.0,7.0,6.0,8.0
Guinea-Bissau,2012,1.0,5.0,4.0,6.0
Guinea-Bissau,2013,1.0,5.0,4.0,6.0
Guinea-Bissau,2014,6.0,7.0,6.0,8.0
Guinea-Bissau,2015,6.0,7.0,6.0,8.0
Guinea-Bissau,2016,6.0,7.0,6.0,8.0
Guinea-Bissau,2017,6.0,7.0,6.0,8.0
Guinea-Bissau,2018,6.0,7.0,6.0,8.0
Kenya,2005,8.0,8.0,6.0,9.0
Kenya,2006,8.0,8.0,6.0,9.0
Kenya,2007,7.0,8.0,6.0,7.0
Kenya,2008,7.0,7.0,7.0,7.0
Kenya,2009,7.0,7.0,7.0,7.0
Kenya,2010,8.0,7.0,7.0,9.0
Kenya,2011,8.0,7.0,7.0,9.0
Kenya,2012,8.0,7.0,7.0,9.0
Kenya,2013,9.0,8.0,7.0,9.0
Kenya,2014,9.0,8.0,7.0,9.0
Kenya,2015,9.0,8.0,7.0,9.0
Kenya,2016,9.0,8.0,7.0,9.0
Kenya,2017,9.0,8.0,7.0,9.0
Kenya,2018,9.0,8.0,7.0,9.0
Lesotho,2005,8.0,8.0,7.0,7.0
Lesotho,2006,8.0,8.0,7.0,7.0
Lesotho,2007,8.0,8.0,7.0,7.0
Lesotho,2008,8.0,8.0,7.0,7.0
Lesotho,2009,8.0,8.0,7.0,7.0
Lesotho,2010,8.0,8.0,7.0,7.0
Lesotho,2011,8.0,8.0,7.0,7.0
Lesotho,2012,8.0,8.0,7.0,8.0
Lesotho,2013,8.0,8.0,7.0,8.0
Lesotho,2014,8.0,8.0,7.0,8.0
Lesotho,2015,8.0,8.0,7.0,8.0
Lesotho,2016,8.0,8.0,7.0,8.0
Lesotho,2017,8.0,8.0,7.0,8.0
Lesotho,2018,8.0,8.0,7.0,8.0
Madagascar,2005,7.0,8.0,5.0,9.0
Madagascar,2006,7.0,8.0,5.0,9.0
Madagascar,2007,7.0,8.0,5.0,9.0
Madagascar,2008,7.0,8.0,5.0,9.0
Madagascar,2009,0.0,3.0,5.0,6.0
Madagascar,2010,0.0,3.0,5.0,6.0
Madagascar,2011,3.0,5.0,5.0,8.0
Madagascar,2012,3.0,5.0,5.0,8.0
Madagascar,2013,3.0,5.0,5.0,8.0
Madagascar,2014,6.0,7.0,6.0,7.0
Madagascar,2015,6.0,7.0,6.0,7.0
Madagascar,2016,6.0,7.0,6.0,7.0
Madagascar,2017,6.0,7.0,6.0,7.0
Madagascar,2018,6.0,7.0,6.0,7.0
Malawi,2005,6.0,7.0,6.0,7.0
Malawi,2006,6.0,7.0,6.0,7.0
Malawi,2007,6.0,7.0,6.0,7.0
Malawi,2008,6.0,7.0,6.0,7.0
Malawi,2009,6.0,7.0,6.0,7.0
Malawi,2010,6.0,7.0,6.0,7.0
Malawi,2011,6.0,7.0,6.0,7.0
Malawi,2012,6.0,7.0,6.0,7.0
Malawi,2013,6.0,7.0,6.0,7.0
Malawi,2014,6.0,7.0,6.0,7.0
Malawi,2015,6.0,7.0,6.0,7.0
Malawi,2016,6.0,7.0,6.0,7.0
Malawi,2017,6.0,7.0,6.0,7.0
Malawi,2018,6.0,7.0,6.0,7.0
Mali,2005,7.0,8.0,5.0,9.0
Mali,2006,7.0,8.0,5.0,9.0
Mali,2007,7.0,8.0,5.0,9.0
Mali,2008,7.0,8.0,5.0,9.0
Mali,2009,7.0,8.0,5.0,9.0
Mali,2010,7.0,8.0,5.0,9.0
Mali,2011,7.0,8.0,5.0,9.0
Mali,2012,0.0,-77.0,-77.0,-77.0
Mali,2013,5.0,7.0,5.0,8.0
Mali,2014,5.0,7.0,5.0,8.0
Mali,2015,5.0,7.0,5.0,8.0
Mali,2016,5.0,7.0,5.0,8.0
Mali,2017,5.0,7.0,5.0,8.0
Mali,2018,5.0,7.0,5.0,8.0
Mauritania,2005,-5.0,3.0,3.0,3.0
Mauritania,2006,-3.0,5.0,3.0,3.0
Mauritania,2007,4.0,7.0,5.0,5.0
Mauritania,2008,-5.0,4.0,2.0,2.0
Mauritania,2009,-2.0,5.0,2.0,5.0
Mauritania,2010,-2.0,5.0,2.0,5.0
Mauritania,2011,-2.0,5.0,2.0,5.0
Mauritania,2012,-2.0,5.0,2.0,5.0
Mauritania,2013,-2.0,5.0,2.0,5.0
Mauritania,2014,-2.0,5.0,2.0,5.0
Mauritania,2015,-2.0,5.0,2.0,5.0
Mauritania,2016,-2.0,5.0,2.0,5.0
Mauritania,2017,-2.0,5.0,2.0,5.0
Mauritania,2018,-2.0,5.0,2.0,5.0
Mauritius,2005,10.0,8.0,7.0,10.0
Mauritius,2006,10.0,8.0,7.0,10.0
Mauritius,2007,10.0,8.0,7.0,10.0
Mauritius,2008,10.0,8.0,7.0,10.0
Mauritius,2009,10.0,8.0,7.0,10.0
Mauritius,2010,10.0,8.0,7.0,10.0
Mauritius,2011,10.0,8.0,7.0,10.0
Mauritius,2012,10.0,8.0,7.0,10.0
Mauritius,2013,10.0,8.0,7.0,10.0
Mauritius,2014,10.0,8.0,7.0,10.0
Mauritius,2015,10.0,8.0,7.0,10.0
Mauritius,2016,10.0,8.0,7.0,10.0
Mauritius,2017,10.0,8.0,7.0,10.0
Mauritius,2018,10.0,8.0,7.0,10.0
Mozambique,2005,5.0,7.0,4.0,9.0
Mozambique,2006,5.0,7.0,4.0,9.0
Mozambique,2007,5.0,7.0,4.0,9.0
Mozambique,2008,5.0,7.0,4.0,9.0
Mozambique,2009,5.0,7.0,4.0,9.0
Mozambique,2010,5.0,7.0,4.0,9.0
Mozambique,2011,5.0,7.0,4.0,9.0
Mozambique,2012,5.0,7.0,4.0,9.0
Mozambique,2013,5.0,7.0,5.0,8.0
Mozambique,2014,5.0,7.0,5.0,8.0
Mozambique,2015,5.0,7.0,5.0,8.0
Mozambique,2016,5.0,7.0,5.0,8.0
Mozambique,2017,5.0,7.0,5.0,8.0
Mozambique,2018,5.0,7.0,5.0,8.0
Namibia,2005,6.0,7.0,5.0,9.0
Namibia,2006,6.0,7.0,5.0,9.0
Namibia,2007,6.0,7.0,5.0,9.0
Namibia,2008,6.0,7.0,5.0,9.0
Namibia,2009,6.0,7.0,5.0,9.0
Namibia,2010,6.0,7.0,5.0,9.0
Namibia,2011,6.0,7.0,5.0,9.0
Namibia,2012,6.0,7.0,5.0,9.0
Namibia,2013,6.0,7.0,5.0,9.0
Namibia,2014,6.0,7.0,5.0,9.0
Namibia,2015,6.0,7.0,5.0,9.0
Namibia,2016,6.0,7.0,5.0,9.0
Namibia,2017,6.0,7.0,5.0,9.0
Namibia,2018,6.0,7.0,5.0,9.0
Niger,2005,6.0,8.0,5.0,8.0
Niger,2006,6.0,8.0,5.0,8.0
Niger,2007,6.0,8.0,5.0,8.0
Niger,2008,6.0,8.0,5.0,8.0
Niger,2009,-3.0,4.0,3.0,3.0
Niger,2010,3.0,5.0,5.0,8.0
Niger,2011,6.0,8.0,5.0,8.0
Niger,2012,6.0,8.0,5.0,8.0
Niger,2013,6.0,8.0,5.0,8.0
Niger,2014,6.0,8.0,5.0,8.0
Niger,2015,6.0,8.0,5.0,8.0
Niger,2016,5.0,7.0,5.0,8.0
Niger,2017,5.0,7.0,5.0,8.0
Niger,2018,5.0,7.0,5.0,8.0
Nigeria,2005,4.0,7.0,5.0,5.0
Nigeria,2006,4.0,7.0,5.0,5.0
Nigeria,2007,4.0,7.0,5.0,5.0
Nigeria,2008,4.0,7.0,5.0,5.0
Nigeria,2009,4.0,7.0,5.0,5.0
Nigeria,2010,4.0,7.0,5.0,5.0
Nigeria,2011,4.0,7.0,5.0,5.0
Nigeria,2012,4.0,7.0,5.0,5.0
Nigeria,2013,4.0,7.0,5.0,5.0
Nigeria,2014,4.0,7.0,5.0,5.0
Nigeria,2015,7.0,8.0,6.0,8.0
Nigeria,2016,7.0,8.0,6.0,8.0
Nigeria,2017,7.0,8.0,6.0,8.0
Nigeria,2018,7.0,8.0,6.0,8.0
Rwanda,2005,-3.0,5.0,3.0,3.0
Rwanda,2006,-3.0,5.0,3.0,3.0
Rwanda,2007,-3.0,5.0,3.0,3.0
Rwanda,2008,-3.0,5.0,3.0,3.0
Rwanda,2009,-3.0,5.0,3.0,3.0
Rwanda,2010,-4.0,4.0,3.0,2.0
Rwanda,2011,-4.0,4.0,3.0,2.0
Rwanda,2012,-4.0,4.0,3.0,2.0
Rwanda,2013,-3.0,4.0,3.0,3.0
Rwanda,2014,-3.0,4.0,3.0,3.0
Rwanda,2015,-3.0,4.0,3.0,3.0
Rwanda,2016,-3.0,4.0,3.0,3.0
Rwanda,2017,-3.0,4.0,3.0,3.0
Rwanda,2018,-3.0,4.0,3.0,3.0
Senegal,2005,8.0,8.0,6.0,9.0
Senegal,2006,8.0,8.0,6.0,9.0
Senegal,2007,7.0,8.0,5.0,9.0
Senegal,2008,7.0,8.0,5.0,9.0
Senegal,2009,7.0,8.0,5.0,9.0
Senegal,2010,7.0,8.0,5.0,9.0
Senegal,2011,7.0,8.0,5.0,9.0
Senegal,2012,7.0,8.0,5.0,9.0
Senegal,2013,7.0,8.0,5.0,9.0
Senegal,2014,7.0,8.0,5.0,9.0
Senegal,2015,7.0,8.0,5.0,9.0
Senegal,2016,7.0,8.0,5.0,9.0
Senegal,2017,7.0,8.0,5.0,9.0
Senegal,2018,7.0,8.0,5.0,9.0
Sierra Leone,2005,5.0,7.0,5.0,7.0
Sierra Leone,2006,5.0,7.0,5.0,7.0
Sierra Leone,2007,7.0,8.0,6.0,8.0
Sierra Leone,2008,7.0,8.0,6.0,8.0
Sierra Leone,2009,7.0,8.0,6.0,8.0
Sierra Leone,2010,7.0,8.0,6.0,8.0
Sierra Leone,2011,7.0,8.0,6.0,8.0
Sierra Leone,2012,7.0,8.0,6.0,8.0
Sierra Leone,2013,7.0,8.0,6.0,8.0
Sierra Leone,2014,7.0,8.0,6.0,8.0
Sierra Leone,2015,7.0,8.0,6.0,8.0
Sierra Leone,2016,7.0,8.0,6.0,8.0
Sierra Leone,2017,7.0,8.0,6.0,8.0
Sierra Leone,2018,7.0,8.0,6.0,8.0
South Africa,2005,9.0,8.0,7.0,9.0
South Africa,2006,9.0,8.0,7.0,9.0
South Africa,2007,9.0,8.0,7.0,9.0
South Africa,2008,9.0,8.0,7.0,9.0
South Africa,2009,9.0,8.0,7.0,9.0
South Africa,2010,9.0,8.0,7.0,9.0
South Africa,2011,9.0,8.0,7.0,9.0
South Africa,2012,9.0,8.0,7.0,9.0
South Africa,2013,9.0,8.0,7.0,9.0
South Africa,2014,9.0,8.0,7.0,9.0
South Africa,2015,9.0,8.0,7.0,9.0
South Africa,2016,9.0,8.0,7.0,9.0
South Africa,2017,9.0,8.0,7.0,9.0
South Africa,2018,9.0,8.0,7.0,9.0
Tanzania,2005,-1.0,7.0,3.0,3.0
Tanzania,2006,-1.0,7.0,3.0,3.0
Tanzania,2007,-1.0,7.0,3.0,3.0
Tanzania,2008,-1.0,7.0,3.0,3.0
Tanzania,2009,-1.0,7.0,3.0,3.0
Tanzania,2010,-1.0,7.0,3.0,3.0
Tanzania,2011,-1.0,7.0,3.0,3.0
Tanzania,2012,-1.0,7.0,3.0,3.0
Tanzania,2013,-1.0,7.0,3.0,3.0
Tanzania,2014,-1.0,7.0,3.0,3.0
Tanzania,2015,3.0,7.0,4.0,6.0
Tanzania,2016,3.0,7.0,4.0,6.0
Tanzania,2017,3.0,7.0,4.0,6.0
Tanzania,2018,3.0,7.0,4.0,6.0
Togo,2005,-4.0,3.0,2.0,6.0
Togo,2006,-4.0,3.0,2.0,6.0
Togo,2007,-4.0,3.0,2.0,6.0
Togo,2008,-4.0,3.0,2.0,6.0
Togo,2009,-4.0,3.0,2.0,6.0
Togo,2010,-2.0,3.0,3.0,7.0
Togo,2011,-2.0,3.0,3.0,7.0
Togo,2012,-2.0,3.0,3.0,7.0
Togo,2013,-2.0,3.0,3.0,7.0
Togo,2014,-2.0,3.0,3.0,7.0
Togo,2015,-2.0,3.0,3.0,7.0
Togo,2016,-2.0,3.0,3.0,7.0
Togo,2017,-2.0,3.0,3.0,7.0
Togo,2018,-2.0,3.0,3.0,7.0
Uganda,2005,-1.0,5.0,3.0,6.0
Uganda,2006,-1.0,5.0,3.0,6.0
Uganda,2007,-1.0,5.0,3.0,6.0
Uganda,2008,-1.0,5.0,3.0,6.0
Uganda,2009,-1.0,5.0,3.0,6.0
Uganda,2010,-1.0,5.0,3.0,6.0
Uganda,2011,-1.0,5.0,3.0,6.0
Uganda,2012,-1.0,5.0,3.0,6.0
Uganda,2013,-1.0,5.0,3.0,6.0
Uganda,2014,-1.0,5.0,3.0,6.0
Uganda,2015,-1.0,5.0,3.0,6.0
Uganda,2016,-1.0,5.0,3.0,6.0
Uganda,2017,-1.0,5.0,3.0,6.0
Uganda,2018,-1.0,5.0,3.0,6.0
Zambia,2005,5.0,7.0,5.0,7.0
Zambia,2006,5.0,7.0,5.0,7.0
Zambia,2007,5.0,7.0,5.0,7.0
Zambia,2008,7.0,8.0,5.0,9.0
Zambia,2009,7.0,8.0,5.0,9.0
Zambia,2010,7.0,8.0,5.0,9.0
Zambia,2011,7.0,8.0,5.0,9.0
Zambia,2012,7.0,8.0,5.0,9.0
Zambia,2013,7.0,8.0,5.0,9.0
Zambia,2014,7.0,8.0,5.0,9.0
Zambia,2015,7.0,8.0,5.0,9.0
Zambia,2016,6.0,8.0,5.0,7.0
Zambia,2017,6.0,8.0,5.0,7.0
Zambia,2018,6.0,8.0,5.0,7.0
Zimbabwe,2005,-4.0,3.0,2.0,6.0
Zimbabwe,2006,-4.0,3.0,2.0,6.0
Zimbabwe,2007,-4.0,3.0,2.0,6.0
Zimbabwe,2008,-4.0,3.0,2.0,6.0
Zimbabwe,2009,1.0,7.0,3.0,6.0
Zimbabwe,2010,1.0,7.0,3.0,6.0
Zimbabwe,2011,1.0,7.0,3.0,6.0
Zimbabwe,2012,1.0,7.0,3.0,6.0
Zimbabwe,2013,4.0,7.0,5.0,6.0
Zimbabwe,2014,4.0,7.0,5.0,6.0
Zimbabwe,2015,4.0,7.0,5.0,6.0
Zimbabwe,2016,4.0,7.0,5.0,6.0
Zimbabwe,2017,4.0,7.0,5.0,6.0
Zimbabwe,2018,4.0,7.0,5.0,6.0
