iso3,country,year,polity2,polity_change,exconst,exconst_change,polcomp,polcomp_change,exrec,exrec_change,source
AGO,Angola,2005,-2.0,0.0,3.0,0.0,8.0,0.0,3.0,0.0,Polity V (p5v2018)
AGO,Angola,2006,-2.0,0.0,3.0,0.0,8.0,0.0,3.0,0.0,Polity V (p5v2018)
AGO,Angola,2007,-2.0,0.0,3.0,0.0,8.0,0.0,3.0,0.0,Polity V (p5v2018)
AGO,Angola,2008,-2.0,0.0,3.0,0.0,8.0,0.0,3.0,0.0,Polity V (p5v2018)
AGO,Angola,2009,-2.0,0.0,3.0,0.0,8.0,0.0,3.0,0.0,Polity V (p5v2018)
AGO,Angola,2010,-2.0,0.0,3.0,0.0,8.0,0.0,3.0,0.0,Polity V (p5v2018)
AGO,Angola,2011,-2.0,0.0,3.0,0.0,8.0,0.0,3.0,0.0,Polity V (p5v2018)
AGO,Angola,2012,-2.0,0.0,3.0,0.0,8.0,0.0,3.0,0.0,Polity V (p5v2018)
AGO,Angola,2013,-2.0,0.0,3.0,0.0,8.0,0.0,3.0,0.0,Polity V (p5v2018)
AGO,Angola,2014,-2.0,0.0,3.0,0.0,8.0,0.0,3.0,0.0,Polity V (p5v2018)
AGO,Angola,2015,-2.0,0.0,3.0,0.0,8.0,0.0,3.0,0.0,Polity V (p5v2018)
AGO,Angola,2016,-2.0,0.0,3.0,0.0,8.0,0.0,3.0,0.0,Polity V (p5v2018)
AGO,Angola,2017,-2.0,0.0,3.0,0.0,8.0,0.0,3.0,0.0,Polity V (p5v2018)
AGO,Angola,2018,-2.0,0.0,3.0,0.0,8.0,0.0,3.0,0.0,Polity V (p5v2018)
AGO,Angola,2019,-2.1262,-0.1262,3.1195,0.1195,8.0,0.0,3.0,0.0,V-Dem v16 (rescaled)
AGO,Angola,2020,-2.5892,-0.4629,3.4782,0.3586,8.0,0.0,3.0,0.0,V-Dem v16 (rescaled)
AGO,Angola,2021,-3.0521,-0.4629,2.1034,-1.3747,8.1983,0.1983,3.0,0.0,V-Dem v16 (rescaled)
AGO,Angola,2022,-3.01,0.0421,3.1195,1.0161,8.3966,0.1983,3.0,0.0,V-Dem v16 (rescaled)
AGO,Angola,2023,-2.8837,0.1262,1.0,-2.3311,9.9335,1.5369,3.0,0.0,V-Dem v16 (rescaled)
AGO,Angola,2024,-2.3367,0.5471,2.1954,1.1954,9.9335,0.0,3.0,0.0,V-Dem v16 (rescaled)
BDI,Burundi,2005,6.0,,6.0,,8.0,,7.0,,Polity V (p5v2018)
BDI,Burundi,2006,6.0,0.0,6.0,0.0,8.0,0.0,7.0,0.0,Polity V (p5v2018)
BDI,Burundi,2007,6.0,0.0,6.0,0.0,8.0,0.0,7.0,0.0,Polity V (p5v2018)
BDI,Burundi,2008,6.0,0.0,6.0,0.0,8.0,0.0,7.0,0.0,Polity V (p5v2018)
BDI,Burundi,2009,6.0,0.0,6.0,0.0,8.0,0.0,7.0,0.0,Polity V (p5v2018)
BDI,Burundi,2010,6.0,0.0,6.0,0.0,8.0,0.0,7.0,0.0,Polity V (p5v2018)
BDI,Burundi,2011,6.0,0.0,6.0,0.0,8.0,0.0,7.0,0.0,Polity V (p5v2018)
BDI,Burundi,2012,6.0,0.0,6.0,0.0,8.0,0.0,7.0,0.0,Polity V (p5v2018)
BDI,Burundi,2013,6.0,0.0,6.0,0.0,8.0,0.0,7.0,0.0,Polity V (p5v2018)
BDI,Burundi,2014,6.0,0.0,6.0,0.0,8.0,0.0,7.0,0.0,Polity V (p5v2018)
BDI,Burundi,2015,-1.0,-7.0,4.0,-2.0,6.0,-2.0,3.0,-4.0,Polity V (p5v2018)
BDI,Burundi,2016,-1.0,0.0,4.0,0.0,6.0,0.0,3.0,0.0,Polity V (p5v2018)
BDI,Burundi,2017,-1.0,0.0,4.0,0.0,6.0,0.0,3.0,0.0,Polity V (p5v2018)
BDI,Burundi,2018,-1.0,0.0,4.0,0.0,6.0,0.0,3.0,0.0,Polity V (p5v2018)
BDI,Burundi,2019,-0.9158,0.0842,7.0,3.1679,6.0,0.0,3.0,0.0,V-Dem v16 (rescaled)
BDI,Burundi,2020,-0.5371,0.3787,2.2781,-4.7219,7.3386,1.3386,2.0675,-0.9325,V-Dem v16 (rescaled)
BDI,Burundi,2021,0.01,0.5471,5.9241,3.646,8.2309,0.8924,2.0675,0.0,V-Dem v16 (rescaled)
BDI,Burundi,2022,0.3467,0.3367,6.1632,0.2391,8.2309,0.0,2.0675,0.0,V-Dem v16 (rescaled)
BDI,Burundi,2023,0.2204,-0.1262,1.0,-7.1127,8.2309,0.0,2.0675,0.0,V-Dem v16 (rescaled)
BDI,Burundi,2024,-0.1163,-0.3367,5.7817,4.7817,8.0822,-0.1487,2.0675,0.0,V-Dem v16 (rescaled)
BEN,Benin,2005,6.0,0.0,5.0,0.0,9.0,0.0,7.0,0.0,Polity V (p5v2018)
BEN,Benin,2006,7.0,1.0,5.0,0.0,9.0,0.0,8.0,1.0,Polity V (p5v2018)
BEN,Benin,2007,7.0,0.0,5.0,0.0,9.0,0.0,8.0,0.0,Polity V (p5v2018)
BEN,Benin,2008,7.0,0.0,5.0,0.0,9.0,0.0,8.0,0.0,Polity V (p5v2018)
BEN,Benin,2009,7.0,0.0,5.0,0.0,9.0,0.0,8.0,0.0,Polity V (p5v2018)
BEN,Benin,2010,7.0,0.0,5.0,0.0,9.0,0.0,8.0,0.0,Polity V (p5v2018)
BEN,Benin,2011,7.0,0.0,5.0,0.0,9.0,0.0,8.0,0.0,Polity V (p5v2018)
BEN,Benin,2012,7.0,0.0,5.0,0.0,9.0,0.0,8.0,0.0,Polity V (p5v2018)
BEN,Benin,2013,7.0,0.0,5.0,0.0,9.0,0.0,8.0,0.0,Polity V (p5v2018)
BEN,Benin,2014,7.0,0.0,5.0,0.0,9.0,0.0,8.0,0.0,Polity V (p5v2018)
BEN,Benin,2015,7.0,0.0,5.0,0.0,9.0,0.0,8.0,0.0,Polity V (p5v2018)
BEN,Benin,2016,7.0,0.0,5.0,0.0,9.0,0.0,8.0,0.0,Polity V (p5v2018)
BEN,Benin,2017,7.0,0.0,5.0,0.0,9.0,0.0,8.0,0.0,Polity V (p5v2018)
BEN,Benin,2018,7.0,0.0,5.0,0.0,9.0,0.0,8.0,0.0,Polity V (p5v2018)
BEN,Benin,2019,0.5192,-6.4808,1.0,-8.1288,1.0,-12.394,8.0,0.0,V-Dem v16 (rescaled)
BEN,Benin,2020,-1.3324,-1.8517,1.0,-11.2369,1.0,-4.4618,8.0,0.0,V-Dem v16 (rescaled)
BEN,Benin,2021,-2.0899,-0.7575,1.1195,0.1195,1.0,-0.0496,8.0,0.0,V-Dem v16 (rescaled)
BEN,Benin,2022,-0.7012,1.3887,1.0,-0.8368,1.1983,0.1983,8.0,0.0,V-Dem v16 (rescaled)
BEN,Benin,2023,1.9921,2.6933,1.0,-0.777,10.0,8.9733,8.0,0.0,V-Dem v16 (rescaled)
BEN,Benin,2024,2.1605,0.1683,1.0,-3.1081,10.0,0.6941,8.0,0.0,V-Dem v16 (rescaled)
BFA,Burkina Faso,2005,0.0,0.0,3.0,0.0,8.0,0.0,5.0,0.0,Polity V (p5v2018)
BFA,Burkina Faso,2006,0.0,0.0,3.0,0.0,8.0,0.0,5.0,0.0,Polity V (p5v2018)
BFA,Burkina Faso,2007,0.0,0.0,3.0,0.0,8.0,0.0,5.0,0.0,Polity V (p5v2018)
BFA,Burkina Faso,2008,0.0,0.0,3.0,0.0,8.0,0.0,5.0,0.0,Polity V (p5v2018)
BFA,Burkina Faso,2009,0.0,0.0,3.0,0.0,8.0,0.0,5.0,0.0,Polity V (p5v2018)
BFA,Burkina Faso,2010,0.0,0.0,3.0,0.0,8.0,0.0,5.0,0.0,Polity V (p5v2018)
BFA,Burkina Faso,2011,0.0,0.0,3.0,0.0,8.0,0.0,5.0,0.0,Polity V (p5v2018)
BFA,Burkina Faso,2012,0.0,0.0,3.0,0.0,8.0,0.0,5.0,0.0,Polity V (p5v2018)
BFA,Burkina Faso,2013,0.0,0.0,3.0,0.0,8.0,0.0,5.0,0.0,Polity V (p5v2018)
BFA,Burkina Faso,2014,0.0,0.0,3.0,0.0,8.0,0.0,5.0,0.0,Polity V (p5v2018)
BFA,Burkina Faso,2015,6.0,6.0,6.0,3.0,8.0,0.0,7.0,2.0,Polity V (p5v2018)
BFA,Burkina Faso,2016,6.0,0.0,6.0,0.0,8.0,0.0,7.0,0.0,Polity V (p5v2018)
BFA,Burkina Faso,2017,6.0,0.0,6.0,0.0,8.0,0.0,7.0,0.0,Polity V (p5v2018)
BFA,Burkina Faso,2018,6.0,0.0,6.0,0.0,8.0,0.0,7.0,0.0,Polity V (p5v2018)
BFA,Burkina Faso,2019,5.6213,-0.3787,6.0,0.0,7.8513,-0.1487,7.0,0.0,V-Dem v16 (rescaled)
BFA,Burkina Faso,2020,5.8317,0.2104,7.0,1.9127,7.4547,-0.3966,7.0,0.0,V-Dem v16 (rescaled)
BFA,Burkina Faso,2021,4.6533,-1.1783,6.2828,-0.7172,4.4801,-2.9746,7.0,0.0,V-Dem v16 (rescaled)
BFA,Burkina Faso,2022,-10.0,-15.1078,1.0,-7.8897,1.0,-29.2003,1.0,-17.9329,V-Dem v16 (rescaled)
BFA,Burkina Faso,2023,-10.0,-2.6512,1.0,-12.4921,1.0,-1.983,1.0,0.0,V-Dem v16 (rescaled)
BFA,Burkina Faso,2024,-10.0,-2.4408,1.0,-3.8253,1.0,0.0,1.0,0.0,V-Dem v16 (rescaled)
BWA,Botswana,2005,8.0,-1.0,7.0,0.0,9.0,0.0,7.0,-1.0,Polity V (p5v2018)
BWA,Botswana,2006,8.0,0.0,7.0,0.0,9.0,0.0,7.0,0.0,Polity V (p5v2018)
BWA,Botswana,2007,8.0,0.0,7.0,0.0,9.0,0.0,7.0,0.0,Polity V (p5v2018)
BWA,Botswana,2008,8.0,0.0,7.0,0.0,9.0,0.0,7.0,0.0,Polity V (p5v2018)
BWA,Botswana,2009,8.0,0.0,7.0,0.0,9.0,0.0,7.0,0.0,Polity V (p5v2018)
BWA,Botswana,2010,8.0,0.0,7.0,0.0,9.0,0.0,7.0,0.0,Polity V (p5v2018)
BWA,Botswana,2011,8.0,0.0,7.0,0.0,9.0,0.0,7.0,0.0,Polity V (p5v2018)
BWA,Botswana,2012,8.0,0.0,7.0,0.0,9.0,0.0,7.0,0.0,Polity V (p5v2018)
BWA,Botswana,2013,8.0,0.0,7.0,0.0,9.0,0.0,7.0,0.0,Polity V (p5v2018)
BWA,Botswana,2014,8.0,0.0,7.0,0.0,9.0,0.0,7.0,0.0,Polity V (p5v2018)
BWA,Botswana,2015,8.0,0.0,7.0,0.0,9.0,0.0,7.0,0.0,Polity V (p5v2018)
BWA,Botswana,2016,8.0,0.0,7.0,0.0,9.0,0.0,7.0,0.0,Polity V (p5v2018)
BWA,Botswana,2017,8.0,0.0,7.0,0.0,9.0,0.0,7.0,0.0,Polity V (p5v2018)
BWA,Botswana,2018,8.0,0.0,7.0,0.0,9.0,0.0,7.0,0.0,Polity V (p5v2018)
BWA,Botswana,2019,7.3267,-0.6733,7.0,0.0,7.5623,-1.4377,7.0,0.0,V-Dem v16 (rescaled)
BWA,Botswana,2020,4.5071,-2.8196,1.0,-7.7702,1.0,-7.486,7.1973,0.1973,V-Dem v16 (rescaled)
BWA,Botswana,2021,4.4229,-0.0842,2.4943,1.4943,1.0,-2.0326,7.1973,0.0,V-Dem v16 (rescaled)
BWA,Botswana,2022,3.8338,-0.5892,1.0,-2.7495,1.0,0.0,7.1973,0.0,V-Dem v16 (rescaled)
BWA,Botswana,2023,3.455,-0.3787,1.0,-0.0598,1.0,-1.0907,7.1973,0.0,V-Dem v16 (rescaled)
BWA,Botswana,2024,4.7596,1.3046,2.4345,1.4345,3.9746,2.9746,7.1973,0.0,V-Dem v16 (rescaled)
CAF,Central African Republic,2005,-1.0,0.0,3.0,1.0,6.0,-1.0,5.0,1.0,Polity V (p5v2018)
CAF,Central African Republic,2006,-1.0,0.0,3.0,0.0,6.0,0.0,5.0,0.0,Polity V (p5v2018)
CAF,Central African Republic,2007,-1.0,0.0,3.0,0.0,6.0,0.0,5.0,0.0,Polity V (p5v2018)
CAF,Central African Republic,2008,-1.0,0.0,3.0,0.0,6.0,0.0,5.0,0.0,Polity V (p5v2018)
CAF,Central African Republic,2009,-1.0,0.0,3.0,0.0,6.0,0.0,5.0,0.0,Polity V (p5v2018)
CAF,Central African Republic,2010,-1.0,0.0,3.0,0.0,6.0,0.0,5.0,0.0,Polity V (p5v2018)
CAF,Central African Republic,2011,-1.0,0.0,3.0,0.0,6.0,0.0,5.0,0.0,Polity V (p5v2018)
CAF,Central African Republic,2012,-1.0,0.0,3.0,0.0,6.0,0.0,5.0,0.0,Polity V (p5v2018)
CAF,Central African Republic,2013,0.0,1.0,,,,,,,Polity V (p5v2018)
CAF,Central African Republic,2014,0.0,0.0,,,,,,,Polity V (p5v2018)
CAF,Central African Republic,2015,0.0,0.0,,,,,,,Polity V (p5v2018)
CAF,Central African Republic,2016,6.0,6.0,7.0,,6.0,,7.0,,Polity V (p5v2018)
CAF,Central African Republic,2017,6.0,0.0,7.0,0.0,6.0,0.0,7.0,0.0,Polity V (p5v2018)
CAF,Central African Republic,2018,6.0,0.0,7.0,0.0,6.0,0.0,7.0,0.0,Polity V (p5v2018)
CAF,Central African Republic,2019,4.8638,-1.1362,1.0,-9.7426,6.0,0.0,7.0,0.0,V-Dem v16 (rescaled)
CAF,Central African Republic,2020,4.6533,-0.2104,2.0161,1.0161,5.7025,-0.2975,7.0,0.0,V-Dem v16 (rescaled)
CAF,Central African Republic,2021,3.3488,-1.3046,1.0,-6.9932,1.0,-5.2055,7.0,0.0,V-Dem v16 (rescaled)
CAF,Central African Republic,2022,2.6334,-0.7154,3.4506,2.4506,1.0,-1.0411,7.0,0.0,V-Dem v16 (rescaled)
CAF,Central African Republic,2023,1.5813,-1.0521,1.0,-25.9405,1.0,-0.9419,7.0,0.0,V-Dem v16 (rescaled)
CAF,Central African Republic,2024,1.4971,-0.0842,1.0,0.0,2.2394,1.2394,7.0,0.0,V-Dem v16 (rescaled)
CIV,Cote d`Ivoire,2005,0.0,0.0,,,,,,,Polity V (p5v2018)
CIV,Cote d`Ivoire,2006,0.0,0.0,,,,,,,Polity V (p5v2018)
CIV,Cote d`Ivoire,2007,0.0,0.0,-88.0,,-88.0,,-88.0,,Polity V (p5v2018)
CIV,Cote d`Ivoire,2008,0.0,0.0,-88.0,0.0,-88.0,0.0,-88.0,0.0,Polity V (p5v2018)
CIV,Cote d`Ivoire,2009,0.0,0.0,-88.0,0.0,-88.0,0.0,-88.0,0.0,Polity V (p5v2018)
CIV,Cote d`Ivoire,2010,0.0,0.0,,,,,,,Polity V (p5v2018)
CIV,Cote d`Ivoire,2011,4.0,4.0,5.0,,6.0,,7.0,,Polity V (p5v2018)
CIV,Cote d`Ivoire,2012,4.0,0.0,5.0,0.0,6.0,0.0,7.0,0.0,Polity V (p5v2018)
CIV,Cote d`Ivoire,2013,4.0,0.0,5.0,0.0,6.0,0.0,7.0,0.0,Polity V (p5v2018)
CIV,Cote d`Ivoire,2014,4.0,0.0,5.0,0.0,6.0,0.0,7.0,0.0,Polity V (p5v2018)
CIV,Cote d`Ivoire,2015,4.0,0.0,5.0,0.0,6.0,0.0,7.0,0.0,Polity V (p5v2018)
CIV,Cote d`Ivoire,2016,4.0,0.0,5.0,0.0,6.0,0.0,7.0,0.0,Polity V (p5v2018)
CIV,Cote d`Ivoire,2017,4.0,0.0,5.0,0.0,6.0,0.0,7.0,0.0,Polity V (p5v2018)
CIV,Cote d`Ivoire,2018,4.0,0.0,5.0,0.0,6.0,0.0,7.0,0.0,Polity V (p5v2018)
CIV,Cote d`Ivoire,2019,3.7475,-0.2525,3.9241,-1.0759,6.0,0.0,7.0,0.0,V-Dem v16 (rescaled)
CIV,Cote d`Ivoire,2020,2.2746,-1.4729,1.0,-7.5311,3.2237,-2.7763,7.0,0.0,V-Dem v16 (rescaled)
CIV,Cote d`Ivoire,2021,-0.4187,-2.6933,2.7334,1.7334,1.0,-7.9322,7.0,0.0,V-Dem v16 (rescaled)
CIV,Cote d`Ivoire,2022,-0.082,0.3367,2.7334,0.0,1.6445,0.6445,7.0,0.0,V-Dem v16 (rescaled)
CIV,Cote d`Ivoire,2023,0.0021,0.0842,2.7334,0.0,1.8428,0.1983,7.0,0.0,V-Dem v16 (rescaled)
CIV,Cote d`Ivoire,2024,-0.6712,-0.6733,7.0,7.1127,2.0907,0.2479,7.0,0.0,V-Dem v16 (rescaled)
CMR,Cameroon,2005,-5.0,-1.0,2.0,0.0,2.0,-4.0,4.0,1.0,Polity V (p5v2018)
CMR,Cameroon,2006,-5.0,0.0,2.0,0.0,2.0,0.0,4.0,0.0,Polity V (p5v2018)
CMR,Cameroon,2007,-5.0,0.0,2.0,0.0,2.0,0.0,4.0,0.0,Polity V (p5v2018)
CMR,Cameroon,2008,-5.0,0.0,2.0,0.0,2.0,0.0,4.0,0.0,Polity V (p5v2018)
CMR,Cameroon,2009,-5.0,0.0,2.0,0.0,2.0,0.0,4.0,0.0,Polity V (p5v2018)
CMR,Cameroon,2010,-5.0,0.0,2.0,0.0,2.0,0.0,4.0,0.0,Polity V (p5v2018)
CMR,Cameroon,2011,-5.0,0.0,2.0,0.0,2.0,0.0,4.0,0.0,Polity V (p5v2018)
CMR,Cameroon,2012,-5.0,0.0,2.0,0.0,2.0,0.0,4.0,0.0,Polity V (p5v2018)
CMR,Cameroon,2013,-5.0,0.0,2.0,0.0,2.0,0.0,4.0,0.0,Polity V (p5v2018)
CMR,Cameroon,2014,-5.0,0.0,2.0,0.0,2.0,0.0,4.0,0.0,Polity V (p5v2018)
CMR,Cameroon,2015,-5.0,0.0,2.0,0.0,2.0,0.0,4.0,0.0,Polity V (p5v2018)
CMR,Cameroon,2016,-5.0,0.0,2.0,0.0,2.0,0.0,4.0,0.0,Polity V (p5v2018)
CMR,Cameroon,2017,-5.0,0.0,2.0,0.0,2.0,0.0,4.0,0.0,Polity V (p5v2018)
CMR,Cameroon,2018,-5.0,0.0,2.0,0.0,2.0,0.0,4.0,0.0,Polity V (p5v2018)
CMR,Cameroon,2019,-5.5471,-0.5471,1.1632,-0.8368,1.0,-2.4292,4.0,0.0,V-Dem v16 (rescaled)
CMR,Cameroon,2020,-5.3367,0.2104,1.1632,0.0,2.0907,1.0907,4.0,0.0,V-Dem v16 (rescaled)
CMR,Cameroon,2021,-5.4629,-0.1262,1.0,-1.1356,2.2394,0.1487,4.0,0.0,V-Dem v16 (rescaled)
CMR,Cameroon,2022,-5.0842,0.3787,2.6736,1.6736,3.0822,0.8428,4.0,0.0,V-Dem v16 (rescaled)
CMR,Cameroon,2023,-5.5892,-0.505,2.6736,0.0,2.9335,-0.1487,4.0,0.0,V-Dem v16 (rescaled)
CMR,Cameroon,2024,-5.6733,-0.0842,5.184,2.5104,2.983,0.0496,4.0,0.0,V-Dem v16 (rescaled)
COG,"Congo, Republic of",2005,-4.0,0.0,2.0,0.0,3.0,0.0,4.0,-1.0,Polity V (p5v2018)
COG,"Congo, Republic of",2006,-4.0,0.0,2.0,0.0,3.0,0.0,4.0,0.0,Polity V (p5v2018)
COG,"Congo, Republic of",2007,-4.0,0.0,2.0,0.0,3.0,0.0,4.0,0.0,Polity V (p5v2018)
COG,"Congo, Republic of",2008,-4.0,0.0,2.0,0.0,3.0,0.0,4.0,0.0,Polity V (p5v2018)
COG,"Congo, Republic of",2009,-4.0,0.0,2.0,0.0,3.0,0.0,4.0,0.0,Polity V (p5v2018)
COG,"Congo, Republic of",2010,-4.0,0.0,2.0,0.0,3.0,0.0,4.0,0.0,Polity V (p5v2018)
COG,"Congo, Republic of",2011,-4.0,0.0,2.0,0.0,3.0,0.0,4.0,0.0,Polity V (p5v2018)
COG,"Congo, Republic of",2012,-4.0,0.0,2.0,0.0,3.0,0.0,4.0,0.0,Polity V (p5v2018)
COG,"Congo, Republic of",2013,-4.0,0.0,2.0,0.0,3.0,0.0,4.0,0.0,Polity V (p5v2018)
COG,"Congo, Republic of",2014,-4.0,0.0,2.0,0.0,3.0,0.0,4.0,0.0,Polity V (p5v2018)
COG,"Congo, Republic of",2015,-4.0,0.0,2.0,0.0,3.0,0.0,4.0,0.0,Polity V (p5v2018)
COG,"Congo, Republic of",2016,-4.0,0.0,2.0,0.0,3.0,0.0,4.0,0.0,Polity V (p5v2018)
COG,"Congo, Republic of",2017,-4.0,0.0,2.0,0.0,3.0,0.0,4.0,0.0,Polity V (p5v2018)
COG,"Congo, Republic of",2018,-4.0,0.0,2.0,0.0,3.0,0.0,4.0,0.0,Polity V (p5v2018)
COG,"Congo, Republic of",2019,-4.3367,-0.3367,2.0,0.0,3.0,0.0,4.0,0.0,V-Dem v16 (rescaled)
COG,"Congo, Republic of",2020,-4.0421,0.2946,6.184,4.184,3.0,0.0,4.0,0.0,V-Dem v16 (rescaled)
COG,"Congo, Republic of",2021,-4.1683,-0.1262,3.7334,-2.4506,2.1572,-0.8428,4.0,0.0,V-Dem v16 (rescaled)
COG,"Congo, Republic of",2022,-4.6312,-0.4629,3.7334,0.0,2.4547,0.2975,4.0,0.0,V-Dem v16 (rescaled)
COG,"Congo, Republic of",2023,-4.2104,0.4208,3.315,-0.4184,3.0992,0.6445,4.0,0.0,V-Dem v16 (rescaled)
COG,"Congo, Republic of",2024,-4.1262,0.0842,3.315,0.0,3.0992,0.0,4.0,0.0,V-Dem v16 (rescaled)
DJI,Djibouti,2005,2.0,0.0,3.0,0.0,7.0,0.0,7.0,0.0,Polity V (p5v2018)
DJI,Djibouti,2006,2.0,0.0,3.0,0.0,7.0,0.0,7.0,0.0,Polity V (p5v2018)
DJI,Djibouti,2007,2.0,0.0,3.0,0.0,7.0,0.0,7.0,0.0,Polity V (p5v2018)
DJI,Djibouti,2008,2.0,0.0,3.0,0.0,7.0,0.0,7.0,0.0,Polity V (p5v2018)
DJI,Djibouti,2009,2.0,0.0,3.0,0.0,7.0,0.0,7.0,0.0,Polity V (p5v2018)
DJI,Djibouti,2010,2.0,0.0,3.0,0.0,7.0,0.0,7.0,0.0,Polity V (p5v2018)
DJI,Djibouti,2011,2.0,0.0,3.0,0.0,7.0,0.0,7.0,0.0,Polity V (p5v2018)
DJI,Djibouti,2012,2.0,0.0,3.0,0.0,7.0,0.0,7.0,0.0,Polity V (p5v2018)
DJI,Djibouti,2013,3.0,1.0,4.0,1.0,5.0,-2.0,7.0,0.0,Polity V (p5v2018)
DJI,Djibouti,2014,3.0,0.0,4.0,0.0,5.0,0.0,7.0,0.0,Polity V (p5v2018)
DJI,Djibouti,2015,3.0,0.0,4.0,0.0,5.0,0.0,7.0,0.0,Polity V (p5v2018)
DJI,Djibouti,2016,3.0,0.0,4.0,0.0,5.0,0.0,7.0,0.0,Polity V (p5v2018)
DJI,Djibouti,2017,3.0,0.0,4.0,0.0,5.0,0.0,7.0,0.0,Polity V (p5v2018)
DJI,Djibouti,2018,3.0,0.0,4.0,0.0,5.0,0.0,7.0,0.0,Polity V (p5v2018)
DJI,Djibouti,2019,3.0421,0.0421,4.8368,0.8368,4.8017,-0.1983,7.0,0.0,V-Dem v16 (rescaled)
DJI,Djibouti,2020,3.0,-0.0421,4.8368,0.0,4.5538,-0.2479,7.0,0.0,V-Dem v16 (rescaled)
DJI,Djibouti,2021,3.0421,0.0421,4.8368,0.0,5.1983,0.6445,7.0,0.0,V-Dem v16 (rescaled)
DJI,Djibouti,2022,3.0,-0.0421,4.8368,0.0,5.3966,0.1983,7.0,0.0,V-Dem v16 (rescaled)
DJI,Djibouti,2023,3.0,0.0,4.8368,0.0,4.7521,-0.6445,7.0,0.0,V-Dem v16 (rescaled)
DJI,Djibouti,2024,3.0,0.0,4.8368,0.0,4.6034,-0.1487,7.0,0.0,V-Dem v16 (rescaled)
ETH,Ethiopia,2005,-3.0,-4.0,3.0,0.0,6.0,0.0,3.0,-4.0,Polity V (p5v2018)
ETH,Ethiopia,2006,-3.0,0.0,3.0,0.0,6.0,0.0,3.0,0.0,Polity V (p5v2018)
ETH,Ethiopia,2007,-3.0,0.0,3.0,0.0,6.0,0.0,3.0,0.0,Polity V (p5v2018)
ETH,Ethiopia,2008,-3.0,0.0,3.0,0.0,6.0,0.0,3.0,0.0,Polity V (p5v2018)
ETH,Ethiopia,2009,-3.0,0.0,3.0,0.0,6.0,0.0,3.0,0.0,Polity V (p5v2018)
ETH,Ethiopia,2010,-3.0,0.0,3.0,0.0,6.0,0.0,3.0,0.0,Polity V (p5v2018)
ETH,Ethiopia,2011,-3.0,0.0,3.0,0.0,6.0,0.0,3.0,0.0,Polity V (p5v2018)
ETH,Ethiopia,2012,-3.0,0.0,3.0,0.0,6.0,0.0,3.0,0.0,Polity V (p5v2018)
ETH,Ethiopia,2013,-3.0,0.0,3.0,0.0,6.0,0.0,3.0,0.0,Polity V (p5v2018)
ETH,Ethiopia,2014,-3.0,0.0,3.0,0.0,6.0,0.0,3.0,0.0,Polity V (p5v2018)
ETH,Ethiopia,2015,-3.0,0.0,3.0,0.0,6.0,0.0,3.0,0.0,Polity V (p5v2018)
ETH,Ethiopia,2016,-3.0,0.0,3.0,0.0,6.0,0.0,3.0,0.0,Polity V (p5v2018)
ETH,Ethiopia,2017,-3.0,0.0,3.0,0.0,6.0,0.0,3.0,0.0,Polity V (p5v2018)
ETH,Ethiopia,2018,1.0,4.0,5.0,2.0,7.0,1.0,3.0,0.0,Polity V (p5v2018)
ETH,Ethiopia,2019,3.4408,2.4408,5.6575,0.6575,8.8839,1.8839,3.0,0.0,V-Dem v16 (rescaled)
ETH,Ethiopia,2020,3.0621,-0.3787,3.7448,-1.9127,8.7352,-0.1487,3.0,0.0,V-Dem v16 (rescaled)
ETH,Ethiopia,2021,1.7996,-1.2625,2.2505,-1.4943,10.0,4.2635,3.0,0.0,V-Dem v16 (rescaled)
ETH,Ethiopia,2022,2.2204,0.4208,1.8321,-0.4184,10.0,2.5284,3.0,0.0,V-Dem v16 (rescaled)
ETH,Ethiopia,2023,1.3367,-0.8837,1.0,-3.1679,10.0,0.2479,3.0,0.0,V-Dem v16 (rescaled)
ETH,Ethiopia,2024,0.5371,-0.7996,1.0,0.0,9.3059,-0.6941,3.0,0.0,V-Dem v16 (rescaled)
GAB,Gabon,2005,-4.0,0.0,2.0,0.0,3.0,0.0,5.0,0.0,Polity V (p5v2018)
GAB,Gabon,2006,-4.0,0.0,2.0,0.0,3.0,0.0,5.0,0.0,Polity V (p5v2018)
GAB,Gabon,2007,-4.0,0.0,2.0,0.0,3.0,0.0,5.0,0.0,Polity V (p5v2018)
GAB,Gabon,2008,-4.0,0.0,2.0,0.0,3.0,0.0,5.0,0.0,Polity V (p5v2018)
GAB,Gabon,2009,3.0,7.0,4.0,2.0,6.0,3.0,7.0,2.0,Polity V (p5v2018)
GAB,Gabon,2010,3.0,0.0,4.0,0.0,6.0,0.0,7.0,0.0,Polity V (p5v2018)
GAB,Gabon,2011,3.0,0.0,4.0,0.0,6.0,0.0,7.0,0.0,Polity V (p5v2018)
GAB,Gabon,2012,3.0,0.0,4.0,0.0,6.0,0.0,7.0,0.0,Polity V (p5v2018)
GAB,Gabon,2013,3.0,0.0,4.0,0.0,6.0,0.0,7.0,0.0,Polity V (p5v2018)
GAB,Gabon,2014,3.0,0.0,4.0,0.0,6.0,0.0,7.0,0.0,Polity V (p5v2018)
GAB,Gabon,2015,3.0,0.0,4.0,0.0,6.0,0.0,7.0,0.0,Polity V (p5v2018)
GAB,Gabon,2016,3.0,0.0,4.0,0.0,6.0,0.0,7.0,0.0,Polity V (p5v2018)
GAB,Gabon,2017,3.0,0.0,4.0,0.0,6.0,0.0,7.0,0.0,Polity V (p5v2018)
GAB,Gabon,2018,3.0,0.0,4.0,0.0,6.0,0.0,7.0,0.0,Polity V (p5v2018)
GAB,Gabon,2019,2.6213,-0.3787,1.3103,-2.6897,6.7932,0.7932,7.0,0.0,V-Dem v16 (rescaled)
GAB,Gabon,2020,2.2425,-0.3787,1.3103,0.0,6.7932,0.0,7.0,0.0,V-Dem v16 (rescaled)
GAB,Gabon,2021,2.2425,0.0,1.0,-0.5977,6.7932,0.0,7.0,0.0,V-Dem v16 (rescaled)
GAB,Gabon,2022,1.99,-0.2525,2.1954,1.1954,6.7932,0.0,7.0,0.0,V-Dem v16 (rescaled)
GAB,Gabon,2023,0.4329,-1.5571,2.1954,0.0,3.3725,-3.4207,1.0,-17.9329,V-Dem v16 (rescaled)
GAB,Gabon,2024,-3.6912,-4.1241,1.777,-0.4184,1.0,-6.544,1.0,0.0,V-Dem v16 (rescaled)
GHA,Ghana,2005,8.0,0.0,6.0,0.0,9.0,0.0,8.0,0.0,Polity V (p5v2018)
GHA,Ghana,2006,8.0,0.0,6.0,0.0,9.0,0.0,8.0,0.0,Polity V (p5v2018)
GHA,Ghana,2007,8.0,0.0,6.0,0.0,9.0,0.0,8.0,0.0,Polity V (p5v2018)
GHA,Ghana,2008,8.0,0.0,6.0,0.0,9.0,0.0,8.0,0.0,Polity V (p5v2018)
GHA,Ghana,2009,8.0,0.0,6.0,0.0,9.0,0.0,8.0,0.0,Polity V (p5v2018)
GHA,Ghana,2010,8.0,0.0,6.0,0.0,9.0,0.0,8.0,0.0,Polity V (p5v2018)
GHA,Ghana,2011,8.0,0.0,6.0,0.0,9.0,0.0,8.0,0.0,Polity V (p5v2018)
GHA,Ghana,2012,8.0,0.0,6.0,0.0,9.0,0.0,8.0,0.0,Polity V (p5v2018)
GHA,Ghana,2013,8.0,0.0,6.0,0.0,9.0,0.0,8.0,0.0,Polity V (p5v2018)
GHA,Ghana,2014,8.0,0.0,6.0,0.0,9.0,0.0,8.0,0.0,Polity V (p5v2018)
GHA,Ghana,2015,8.0,0.0,6.0,0.0,9.0,0.0,8.0,0.0,Polity V (p5v2018)
GHA,Ghana,2016,8.0,0.0,6.0,0.0,9.0,0.0,8.0,0.0,Polity V (p5v2018)
GHA,Ghana,2017,8.0,0.0,6.0,0.0,9.0,0.0,8.0,0.0,Polity V (p5v2018)
GHA,Ghana,2018,8.0,0.0,6.0,0.0,9.0,0.0,8.0,0.0,Polity V (p5v2018)
GHA,Ghana,2019,7.2846,-0.7154,7.0,1.0161,9.0,0.0,8.0,0.0,V-Dem v16 (rescaled)
GHA,Ghana,2020,7.2846,0.0,5.8644,-1.1356,8.0581,-0.9419,8.0,0.0,V-Dem v16 (rescaled)
GHA,Ghana,2021,4.8017,-2.4829,7.0,1.3747,3.1004,-4.9576,8.0,0.0,V-Dem v16 (rescaled)
GHA,Ghana,2022,4.97,0.1683,6.5218,-0.4782,2.7534,-0.347,8.0,0.0,V-Dem v16 (rescaled)
GHA,Ghana,2023,4.7175,-0.2525,7.0,0.7172,3.3979,0.6445,8.0,0.0,V-Dem v16 (rescaled)
GHA,Ghana,2024,5.0542,0.3367,6.7011,-0.2989,4.2407,0.8428,8.0,0.0,V-Dem v16 (rescaled)
GIN,Guinea,2005,-1.0,0.0,3.0,0.0,6.0,0.0,5.0,0.0,Polity V (p5v2018)
GIN,Guinea,2006,-1.0,0.0,3.0,0.0,6.0,0.0,5.0,0.0,Polity V (p5v2018)
GIN,Guinea,2007,-1.0,0.0,3.0,0.0,6.0,0.0,5.0,0.0,Polity V (p5v2018)
GIN,Guinea,2008,-1.0,0.0,3.0,0.0,6.0,0.0,4.0,-1.0,Polity V (p5v2018)
GIN,Guinea,2009,-1.0,0.0,3.0,0.0,6.0,0.0,4.0,0.0,Polity V (p5v2018)
GIN,Guinea,2010,1.0,2.0,3.0,0.0,6.0,0.0,7.0,3.0,Polity V (p5v2018)
GIN,Guinea,2011,1.0,0.0,3.0,0.0,6.0,0.0,7.0,0.0,Polity V (p5v2018)
GIN,Guinea,2012,1.0,0.0,3.0,0.0,6.0,0.0,7.0,0.0,Polity V (p5v2018)
GIN,Guinea,2013,4.0,3.0,4.0,1.0,7.0,1.0,7.0,0.0,Polity V (p5v2018)
GIN,Guinea,2014,4.0,0.0,4.0,0.0,7.0,0.0,7.0,0.0,Polity V (p5v2018)
GIN,Guinea,2015,4.0,0.0,4.0,0.0,7.0,0.0,7.0,0.0,Polity V (p5v2018)
GIN,Guinea,2016,4.0,0.0,4.0,0.0,7.0,0.0,7.0,0.0,Polity V (p5v2018)
GIN,Guinea,2017,4.0,0.0,4.0,0.0,7.0,0.0,7.0,0.0,Polity V (p5v2018)
GIN,Guinea,2018,4.0,0.0,4.0,0.0,7.0,0.0,7.0,0.0,Polity V (p5v2018)
GIN,Guinea,2019,3.4529,-0.5471,1.6689,-2.3311,7.347,0.347,7.0,0.0,V-Dem v16 (rescaled)
GIN,Guinea,2020,0.7175,-2.7354,1.0,-0.7172,3.5793,-3.7678,7.0,0.0,V-Dem v16 (rescaled)
GIN,Guinea,2021,-0.8395,-1.5571,1.0,0.0,1.0,-3.3216,1.0,-17.9329,V-Dem v16 (rescaled)
GIN,Guinea,2022,-4.4587,-3.6191,1.0,0.0,1.0,-5.3046,1.0,0.0,V-Dem v16 (rescaled)
GIN,Guinea,2023,-4.5849,-0.1262,1.0,-1.9724,1.0,0.0,1.0,0.0,V-Dem v16 (rescaled)
GIN,Guinea,2024,-5.0058,-0.4208,1.0,-0.9563,1.0,0.0,1.0,0.0,V-Dem v16 (rescaled)
GMB,"Gambia, The",2005,-5.0,0.0,2.0,0.0,2.0,0.0,5.0,0.0,Polity V (p5v2018)
GMB,"Gambia, The",2006,-5.0,0.0,2.0,0.0,2.0,0.0,5.0,0.0,Polity V (p5v2018)
GMB,"Gambia, The",2007,-5.0,0.0,2.0,0.0,2.0,0.0,5.0,0.0,Polity V (p5v2018)
GMB,"Gambia, The",2008,-5.0,0.0,2.0,0.0,2.0,0.0,5.0,0.0,Polity V (p5v2018)
GMB,"Gambia, The",2009,-5.0,0.0,2.0,0.0,2.0,0.0,5.0,0.0,Polity V (p5v2018)
GMB,"Gambia, The",2010,-5.0,0.0,2.0,0.0,2.0,0.0,5.0,0.0,Polity V (p5v2018)
GMB,"Gambia, The",2011,-5.0,0.0,2.0,0.0,2.0,0.0,5.0,0.0,Polity V (p5v2018)
GMB,"Gambia, The",2012,-5.0,0.0,2.0,0.0,2.0,0.0,5.0,0.0,Polity V (p5v2018)
GMB,"Gambia, The",2013,-5.0,0.0,2.0,0.0,2.0,0.0,5.0,0.0,Polity V (p5v2018)
GMB,"Gambia, The",2014,-5.0,0.0,2.0,0.0,2.0,0.0,5.0,0.0,Polity V (p5v2018)
GMB,"Gambia, The",2015,-5.0,0.0,2.0,0.0,2.0,0.0,5.0,0.0,Polity V (p5v2018)
GMB,"Gambia, The",2016,-5.0,0.0,2.0,0.0,2.0,0.0,5.0,0.0,Polity V (p5v2018)
GMB,"Gambia, The",2017,4.0,9.0,5.0,3.0,5.0,3.0,7.0,2.0,Polity V (p5v2018)
GMB,"Gambia, The",2018,4.0,0.0,5.0,0.0,5.0,0.0,7.0,0.0,Polity V (p5v2018)
GMB,"Gambia, The",2019,3.4108,-0.5892,7.0,5.1403,5.1487,0.1487,7.0,0.0,V-Dem v16 (rescaled)
GMB,"Gambia, The",2020,2.2325,-1.1783,7.0,0.0,5.1487,0.0,7.0,0.0,V-Dem v16 (rescaled)
GMB,"Gambia, The",2021,2.6954,0.4629,7.0,0.0,7.0822,1.9335,7.0,0.0,V-Dem v16 (rescaled)
GMB,"Gambia, The",2022,7.4929,4.7975,7.0,1.315,10.0,12.047,7.0,0.0,V-Dem v16 (rescaled)
GMB,"Gambia, The",2023,8.082,0.5892,7.0,0.8368,9.8513,-0.1487,7.0,0.0,V-Dem v16 (rescaled)
GMB,"Gambia, The",2024,7.8716,-0.2104,5.8644,-1.1356,9.2068,-0.6445,7.0,0.0,V-Dem v16 (rescaled)
GNB,Guinea-Bissau,2005,6.0,7.0,6.0,4.0,7.0,0.0,7.0,3.0,Polity V (p5v2018)
GNB,Guinea-Bissau,2006,6.0,0.0,6.0,0.0,7.0,0.0,7.0,0.0,Polity V (p5v2018)
GNB,Guinea-Bissau,2007,6.0,0.0,6.0,0.0,7.0,0.0,7.0,0.0,Polity V (p5v2018)
GNB,Guinea-Bissau,2008,6.0,0.0,6.0,0.0,7.0,0.0,7.0,0.0,Polity V (p5v2018)
GNB,Guinea-Bissau,2009,6.0,0.0,6.0,0.0,8.0,1.0,7.0,0.0,Polity V (p5v2018)
GNB,Guinea-Bissau,2010,6.0,0.0,6.0,0.0,8.0,0.0,7.0,0.0,Polity V (p5v2018)
GNB,Guinea-Bissau,2011,6.0,0.0,6.0,0.0,8.0,0.0,7.0,0.0,Polity V (p5v2018)
GNB,Guinea-Bissau,2012,1.0,-5.0,4.0,-2.0,6.0,-2.0,5.0,-2.0,Polity V (p5v2018)
GNB,Guinea-Bissau,2013,1.0,0.0,4.0,0.0,6.0,0.0,5.0,0.0,Polity V (p5v2018)
GNB,Guinea-Bissau,2014,6.0,5.0,6.0,2.0,8.0,2.0,7.0,2.0,Polity V (p5v2018)
GNB,Guinea-Bissau,2015,6.0,0.0,6.0,0.0,8.0,0.0,7.0,0.0,Polity V (p5v2018)
GNB,Guinea-Bissau,2016,6.0,0.0,6.0,0.0,8.0,0.0,7.0,0.0,Polity V (p5v2018)
GNB,Guinea-Bissau,2017,6.0,0.0,6.0,0.0,8.0,0.0,7.0,0.0,Polity V (p5v2018)
GNB,Guinea-Bissau,2018,6.0,0.0,6.0,0.0,8.0,0.0,7.0,0.0,Polity V (p5v2018)
GNB,Guinea-Bissau,2019,6.7996,0.7996,7.0,1.3747,10.0,3.9661,7.0,0.0,V-Dem v16 (rescaled)
GNB,Guinea-Bissau,2020,6.9679,0.1683,7.0,0.5977,9.6034,-0.3966,7.0,0.0,V-Dem v16 (rescaled)
GNB,Guinea-Bissau,2021,7.0521,0.0842,7.0,0.0,9.6034,0.0,7.0,0.0,V-Dem v16 (rescaled)
GNB,Guinea-Bissau,2022,0.403,-6.6491,7.0,0.0,1.0,-20.4253,7.0,0.0,V-Dem v16 (rescaled)
GNB,Guinea-Bissau,2023,2.5492,2.1462,7.0,0.0,7.5936,6.5936,7.0,0.0,V-Dem v16 (rescaled)
GNB,Guinea-Bissau,2024,-3.7212,-6.2704,7.0,0.0,1.0,-18.591,7.0,0.0,V-Dem v16 (rescaled)
KEN,Kenya,2005,8.0,0.0,6.0,0.0,9.0,0.0,8.0,0.0,Polity V (p5v2018)
KEN,Kenya,2006,8.0,0.0,6.0,0.0,9.0,0.0,8.0,0.0,Polity V (p5v2018)
KEN,Kenya,2007,7.0,-1.0,6.0,0.0,7.0,-2.0,8.0,0.0,Polity V (p5v2018)
KEN,Kenya,2008,7.0,0.0,7.0,1.0,7.0,0.0,7.0,-1.0,Polity V (p5v2018)
KEN,Kenya,2009,7.0,0.0,7.0,0.0,7.0,0.0,7.0,0.0,Polity V (p5v2018)
KEN,Kenya,2010,8.0,1.0,7.0,0.0,9.0,2.0,7.0,0.0,Polity V (p5v2018)
KEN,Kenya,2011,8.0,0.0,7.0,0.0,9.0,0.0,7.0,0.0,Polity V (p5v2018)
KEN,Kenya,2012,8.0,0.0,7.0,0.0,9.0,0.0,7.0,0.0,Polity V (p5v2018)
KEN,Kenya,2013,9.0,1.0,7.0,0.0,9.0,0.0,8.0,1.0,Polity V (p5v2018)
KEN,Kenya,2014,9.0,0.0,7.0,0.0,9.0,0.0,8.0,0.0,Polity V (p5v2018)
KEN,Kenya,2015,9.0,0.0,7.0,0.0,9.0,0.0,8.0,0.0,Polity V (p5v2018)
KEN,Kenya,2016,9.0,0.0,7.0,0.0,9.0,0.0,8.0,0.0,Polity V (p5v2018)
KEN,Kenya,2017,9.0,0.0,7.0,0.0,9.0,0.0,8.0,0.0,Polity V (p5v2018)
KEN,Kenya,2018,9.0,0.0,7.0,0.0,9.0,0.0,8.0,0.0,Polity V (p5v2018)
KEN,Kenya,2019,9.2104,0.2104,7.0,1.3747,9.1487,0.1487,8.0,0.0,V-Dem v16 (rescaled)
KEN,Kenya,2020,9.2946,0.0842,6.3425,-0.6575,9.2479,0.0992,8.0,0.0,V-Dem v16 (rescaled)
KEN,Kenya,2021,9.4629,0.1683,5.9241,-0.4184,9.2479,0.0,8.0,0.0,V-Dem v16 (rescaled)
KEN,Kenya,2022,10.0,1.8096,5.446,-0.4782,10.0,2.6275,7.8924,-0.1076,V-Dem v16 (rescaled)
KEN,Kenya,2023,10.0,0.8417,6.4621,1.0161,10.0,3.0241,7.8924,0.0,V-Dem v16 (rescaled)
KEN,Kenya,2024,9.4529,-0.5471,2.3379,-4.1242,9.7025,-0.2975,7.8924,0.0,V-Dem v16 (rescaled)
LBR,Liberia,2005,5.0,,-88.0,,-88.0,,-88.0,,Polity V (p5v2018)
LBR,Liberia,2006,6.0,1.0,6.0,94.0,8.0,96.0,7.0,95.0,Polity V (p5v2018)
LBR,Liberia,2007,6.0,0.0,6.0,0.0,8.0,0.0,7.0,0.0,Polity V (p5v2018)
LBR,Liberia,2008,6.0,0.0,6.0,0.0,8.0,0.0,7.0,0.0,Polity V (p5v2018)
LBR,Liberia,2009,6.0,0.0,6.0,0.0,8.0,0.0,7.0,0.0,Polity V (p5v2018)
LBR,Liberia,2010,6.0,0.0,6.0,0.0,8.0,0.0,7.0,0.0,Polity V (p5v2018)
LBR,Liberia,2011,6.0,0.0,6.0,0.0,8.0,0.0,7.0,0.0,Polity V (p5v2018)
LBR,Liberia,2012,6.0,0.0,6.0,0.0,8.0,0.0,7.0,0.0,Polity V (p5v2018)
LBR,Liberia,2013,6.0,0.0,6.0,0.0,8.0,0.0,7.0,0.0,Polity V (p5v2018)
LBR,Liberia,2014,6.0,0.0,6.0,0.0,8.0,0.0,7.0,0.0,Polity V (p5v2018)
LBR,Liberia,2015,6.0,0.0,6.0,0.0,8.0,0.0,7.0,0.0,Polity V (p5v2018)
LBR,Liberia,2016,6.0,0.0,6.0,0.0,8.0,0.0,7.0,0.0,Polity V (p5v2018)
LBR,Liberia,2017,6.0,0.0,6.0,0.0,8.0,0.0,7.0,0.0,Polity V (p5v2018)
LBR,Liberia,2018,7.0,1.0,6.0,0.0,8.0,0.0,8.0,1.0,Polity V (p5v2018)
LBR,Liberia,2019,7.0842,0.0842,6.0,0.0,8.0,0.0,8.0,0.0,V-Dem v16 (rescaled)
LBR,Liberia,2020,7.505,0.4208,3.7885,-2.2115,8.0,0.0,8.0,0.0,V-Dem v16 (rescaled)
LBR,Liberia,2021,6.7896,-0.7154,3.7885,0.0,8.0,0.0,8.0,0.0,V-Dem v16 (rescaled)
LBR,Liberia,2022,6.8738,0.0842,3.7885,0.0,8.0,0.0,8.0,0.0,V-Dem v16 (rescaled)
LBR,Liberia,2023,7.1262,0.2525,5.8207,2.0322,8.2975,0.2975,8.0,0.0,V-Dem v16 (rescaled)
LBR,Liberia,2024,6.5371,-0.5892,1.5172,-4.3035,7.3059,-0.9915,8.0,0.0,V-Dem v16 (rescaled)
LSO,Lesotho,2005,8.0,0.0,7.0,0.0,7.0,0.0,8.0,0.0,Polity V (p5v2018)
LSO,Lesotho,2006,8.0,0.0,7.0,0.0,7.0,0.0,8.0,0.0,Polity V (p5v2018)
LSO,Lesotho,2007,8.0,0.0,7.0,0.0,7.0,0.0,8.0,0.0,Polity V (p5v2018)
LSO,Lesotho,2008,8.0,0.0,7.0,0.0,7.0,0.0,8.0,0.0,Polity V (p5v2018)
LSO,Lesotho,2009,8.0,0.0,7.0,0.0,7.0,0.0,8.0,0.0,Polity V (p5v2018)
LSO,Lesotho,2010,8.0,0.0,7.0,0.0,7.0,0.0,8.0,0.0,Polity V (p5v2018)
LSO,Lesotho,2011,8.0,0.0,7.0,0.0,7.0,0.0,8.0,0.0,Polity V (p5v2018)
LSO,Lesotho,2012,8.0,0.0,7.0,0.0,8.0,1.0,8.0,0.0,Polity V (p5v2018)
LSO,Lesotho,2013,8.0,0.0,7.0,0.0,8.0,0.0,8.0,0.0,Polity V (p5v2018)
LSO,Lesotho,2014,8.0,0.0,7.0,0.0,8.0,0.0,8.0,0.0,Polity V (p5v2018)
LSO,Lesotho,2015,8.0,0.0,7.0,0.0,8.0,0.0,8.0,0.0,Polity V (p5v2018)
LSO,Lesotho,2016,8.0,0.0,7.0,0.0,8.0,0.0,8.0,0.0,Polity V (p5v2018)
LSO,Lesotho,2017,8.0,0.0,7.0,0.0,8.0,0.0,8.0,0.0,Polity V (p5v2018)
LSO,Lesotho,2018,8.0,0.0,7.0,0.0,8.0,0.0,8.0,0.0,Polity V (p5v2018)
LSO,Lesotho,2019,8.8417,0.8417,7.0,7.053,8.4958,0.4958,8.0,0.0,V-Dem v16 (rescaled)
LSO,Lesotho,2020,9.0942,0.2525,6.0437,-0.9563,8.4958,0.0,8.0,0.0,V-Dem v16 (rescaled)
LSO,Lesotho,2021,8.6312,-0.4629,5.0873,-0.9563,8.4958,0.0,8.0,0.0,V-Dem v16 (rescaled)
LSO,Lesotho,2022,9.9779,1.3467,1.5609,-3.5265,9.2394,0.7436,8.0,0.0,V-Dem v16 (rescaled)
LSO,Lesotho,2023,10.0,0.7996,1.9195,0.3586,10.0,4.7593,8.0,0.0,V-Dem v16 (rescaled)
LSO,Lesotho,2024,9.3688,-0.6312,1.9195,0.0,10.0,0.0992,8.0,0.0,V-Dem v16 (rescaled)
MDG,Madagascar,2005,7.0,0.0,5.0,0.0,9.0,0.0,8.0,0.0,Polity V (p5v2018)
MDG,Madagascar,2006,7.0,0.0,5.0,0.0,9.0,0.0,8.0,0.0,Polity V (p5v2018)
MDG,Madagascar,2007,7.0,0.0,5.0,0.0,9.0,0.0,8.0,0.0,Polity V (p5v2018)
MDG,Madagascar,2008,7.0,0.0,5.0,0.0,9.0,0.0,8.0,0.0,Polity V (p5v2018)
MDG,Madagascar,2009,0.0,-7.0,5.0,0.0,6.0,-3.0,3.0,-5.0,Polity V (p5v2018)
MDG,Madagascar,2010,0.0,0.0,5.0,0.0,6.0,0.0,3.0,0.0,Polity V (p5v2018)
MDG,Madagascar,2011,3.0,3.0,5.0,0.0,8.0,2.0,5.0,2.0,Polity V (p5v2018)
MDG,Madagascar,2012,3.0,0.0,5.0,0.0,8.0,0.0,5.0,0.0,Polity V (p5v2018)
MDG,Madagascar,2013,3.0,0.0,5.0,0.0,8.0,0.0,5.0,0.0,Polity V (p5v2018)
MDG,Madagascar,2014,6.0,3.0,6.0,1.0,7.0,-1.0,7.0,2.0,Polity V (p5v2018)
MDG,Madagascar,2015,6.0,0.0,6.0,0.0,7.0,0.0,7.0,0.0,Polity V (p5v2018)
MDG,Madagascar,2016,6.0,0.0,6.0,0.0,7.0,0.0,7.0,0.0,Polity V (p5v2018)
MDG,Madagascar,2017,6.0,0.0,6.0,0.0,7.0,0.0,7.0,0.0,Polity V (p5v2018)
MDG,Madagascar,2018,6.0,0.0,6.0,0.0,7.0,0.0,7.0,0.0,Polity V (p5v2018)
MDG,Madagascar,2019,5.8738,-0.1262,4.9241,-1.0759,9.9746,2.9746,7.0,0.0,V-Dem v16 (rescaled)
MDG,Madagascar,2020,6.2104,0.3367,1.9954,-2.9288,10.0,1.1402,7.0,0.0,V-Dem v16 (rescaled)
MDG,Madagascar,2021,5.9158,-0.2946,1.0,-1.7334,9.9504,-0.0496,7.0,0.0,V-Dem v16 (rescaled)
MDG,Madagascar,2022,5.8317,-0.0842,1.0,0.0,9.8017,-0.1487,7.0,0.0,V-Dem v16 (rescaled)
MDG,Madagascar,2023,5.1583,-0.6733,1.3586,0.3586,7.7691,-2.0326,7.0,0.0,V-Dem v16 (rescaled)
MDG,Madagascar,2024,2.7175,-2.4408,1.3586,0.0,1.0,-7.139,7.0,0.0,V-Dem v16 (rescaled)
MLI,Mali,2005,7.0,1.0,5.0,0.0,9.0,2.0,8.0,0.0,Polity V (p5v2018)
MLI,Mali,2006,7.0,0.0,5.0,0.0,9.0,0.0,8.0,0.0,Polity V (p5v2018)
MLI,Mali,2007,7.0,0.0,5.0,0.0,9.0,0.0,8.0,0.0,Polity V (p5v2018)
MLI,Mali,2008,7.0,0.0,5.0,0.0,9.0,0.0,8.0,0.0,Polity V (p5v2018)
MLI,Mali,2009,7.0,0.0,5.0,0.0,9.0,0.0,8.0,0.0,Polity V (p5v2018)
MLI,Mali,2010,7.0,0.0,5.0,0.0,9.0,0.0,8.0,0.0,Polity V (p5v2018)
MLI,Mali,2011,7.0,0.0,5.0,0.0,9.0,0.0,8.0,0.0,Polity V (p5v2018)
MLI,Mali,2012,0.0,-7.0,,,,,,,Polity V (p5v2018)
MLI,Mali,2013,5.0,5.0,5.0,,8.0,,7.0,,Polity V (p5v2018)
MLI,Mali,2014,5.0,0.0,5.0,0.0,8.0,0.0,7.0,0.0,Polity V (p5v2018)
MLI,Mali,2015,5.0,0.0,5.0,0.0,8.0,0.0,7.0,0.0,Polity V (p5v2018)
MLI,Mali,2016,5.0,0.0,5.0,0.0,8.0,0.0,7.0,0.0,Polity V (p5v2018)
MLI,Mali,2017,5.0,0.0,5.0,0.0,8.0,0.0,7.0,0.0,Polity V (p5v2018)
MLI,Mali,2018,5.0,0.0,5.0,0.0,8.0,0.0,7.0,0.0,Polity V (p5v2018)
MLI,Mali,2019,4.9158,-0.0842,5.2989,0.2989,6.9589,-1.0411,7.0,0.0,V-Dem v16 (rescaled)
MLI,Mali,2020,0.918,-3.9979,1.6528,-3.646,2.6458,-4.3131,1.0,-17.9329,V-Dem v16 (rescaled)
MLI,Mali,2021,-6.5728,-7.4908,1.0,-6.3357,1.0,-14.5258,1.0,0.0,V-Dem v16 (rescaled)
MLI,Mali,2022,-7.0778,-0.505,1.0,-1.1954,1.0,0.0,1.0,0.0,V-Dem v16 (rescaled)
MLI,Mali,2023,-7.162,-0.0842,1.0,0.0,1.0,0.0,1.0,0.0,V-Dem v16 (rescaled)
MLI,Mali,2024,-8.7191,-1.5571,1.0,0.0,1.0,0.0,1.0,0.0,V-Dem v16 (rescaled)
MOZ,Mozambique,2005,5.0,-1.0,4.0,0.0,9.0,0.0,7.0,-1.0,Polity V (p5v2018)
MOZ,Mozambique,2006,5.0,0.0,4.0,0.0,9.0,0.0,7.0,0.0,Polity V (p5v2018)
MOZ,Mozambique,2007,5.0,0.0,4.0,0.0,9.0,0.0,7.0,0.0,Polity V (p5v2018)
MOZ,Mozambique,2008,5.0,0.0,4.0,0.0,9.0,0.0,7.0,0.0,Polity V (p5v2018)
MOZ,Mozambique,2009,5.0,0.0,4.0,0.0,9.0,0.0,7.0,0.0,Polity V (p5v2018)
MOZ,Mozambique,2010,5.0,0.0,4.0,0.0,9.0,0.0,7.0,0.0,Polity V (p5v2018)
MOZ,Mozambique,2011,5.0,0.0,4.0,0.0,9.0,0.0,7.0,0.0,Polity V (p5v2018)
MOZ,Mozambique,2012,5.0,0.0,4.0,0.0,9.0,0.0,7.0,0.0,Polity V (p5v2018)
MOZ,Mozambique,2013,5.0,0.0,5.0,1.0,8.0,-1.0,7.0,0.0,Polity V (p5v2018)
MOZ,Mozambique,2014,5.0,0.0,5.0,0.0,8.0,0.0,7.0,0.0,Polity V (p5v2018)
MOZ,Mozambique,2015,5.0,0.0,5.0,0.0,8.0,0.0,7.0,0.0,Polity V (p5v2018)
MOZ,Mozambique,2016,5.0,0.0,5.0,0.0,8.0,0.0,7.0,0.0,Polity V (p5v2018)
MOZ,Mozambique,2017,5.0,0.0,5.0,0.0,8.0,0.0,7.0,0.0,Polity V (p5v2018)
MOZ,Mozambique,2018,5.0,0.0,5.0,0.0,8.0,0.0,7.0,0.0,Polity V (p5v2018)
MOZ,Mozambique,2019,4.8738,-0.1262,4.2828,-0.7172,7.2068,-0.7932,7.0,0.0,V-Dem v16 (rescaled)
MOZ,Mozambique,2020,3.485,-1.3887,1.0,-4.3035,4.3809,-2.8258,7.0,0.0,V-Dem v16 (rescaled)
MOZ,Mozambique,2021,3.6113,0.1262,3.869,2.869,4.3809,0.0,7.0,0.0,V-Dem v16 (rescaled)
MOZ,Mozambique,2022,3.5692,-0.0421,4.1081,0.2391,4.3809,0.0,7.0,0.0,V-Dem v16 (rescaled)
MOZ,Mozambique,2023,2.9379,-0.6312,1.0,-3.2874,3.6869,-0.6941,7.0,0.0,V-Dem v16 (rescaled)
MOZ,Mozambique,2024,1.2125,-1.7254,1.0,-2.5104,2.5962,-1.0907,7.0,0.0,V-Dem v16 (rescaled)
MRT,Mauritania,2005,-5.0,1.0,3.0,0.0,3.0,1.0,3.0,0.0,Polity V (p5v2018)
MRT,Mauritania,2006,-3.0,2.0,3.0,0.0,3.0,0.0,5.0,2.0,Polity V (p5v2018)
MRT,Mauritania,2007,4.0,7.0,5.0,2.0,5.0,2.0,7.0,2.0,Polity V (p5v2018)
MRT,Mauritania,2008,-5.0,-9.0,2.0,-3.0,2.0,-3.0,4.0,-3.0,Polity V (p5v2018)
MRT,Mauritania,2009,-2.0,3.0,2.0,0.0,5.0,3.0,5.0,1.0,Polity V (p5v2018)
MRT,Mauritania,2010,-2.0,0.0,2.0,0.0,5.0,0.0,5.0,0.0,Polity V (p5v2018)
MRT,Mauritania,2011,-2.0,0.0,2.0,0.0,5.0,0.0,5.0,0.0,Polity V (p5v2018)
MRT,Mauritania,2012,-2.0,0.0,2.0,0.0,5.0,0.0,5.0,0.0,Polity V (p5v2018)
MRT,Mauritania,2013,-2.0,0.0,2.0,0.0,5.0,0.0,5.0,0.0,Polity V (p5v2018)
MRT,Mauritania,2014,-2.0,0.0,2.0,0.0,5.0,0.0,5.0,0.0,Polity V (p5v2018)
MRT,Mauritania,2015,-2.0,0.0,2.0,0.0,5.0,0.0,5.0,0.0,Polity V (p5v2018)
MRT,Mauritania,2016,-2.0,0.0,2.0,0.0,5.0,0.0,5.0,0.0,Polity V (p5v2018)
MRT,Mauritania,2017,-2.0,0.0,2.0,0.0,5.0,0.0,5.0,0.0,Polity V (p5v2018)
MRT,Mauritania,2018,-2.0,0.0,2.0,0.0,5.0,0.0,5.0,0.0,Polity V (p5v2018)
MRT,Mauritania,2019,-1.3267,0.6733,4.869,2.869,4.3555,-0.6445,5.0,0.0,V-Dem v16 (rescaled)
MRT,Mauritania,2020,-2.0842,-0.7575,7.0,14.6438,5.2479,0.8924,5.0,0.0,V-Dem v16 (rescaled)
MRT,Mauritania,2021,-2.0,0.0842,5.5655,-1.4345,4.653,-0.5949,5.0,0.0,V-Dem v16 (rescaled)
MRT,Mauritania,2022,-1.7896,0.2104,6.4023,0.8368,5.0496,0.3966,5.0,0.0,V-Dem v16 (rescaled)
MRT,Mauritania,2023,-2.9679,-1.1783,1.7402,-4.6621,1.0,-4.6106,5.0,0.0,V-Dem v16 (rescaled)
MRT,Mauritania,2024,-4.2725,-1.3046,1.7402,0.0,1.0,-1.7352,5.0,0.0,V-Dem v16 (rescaled)
MWI,Malawi,2005,6.0,0.0,6.0,0.0,7.0,-1.0,7.0,0.0,Polity V (p5v2018)
MWI,Malawi,2006,6.0,0.0,6.0,0.0,7.0,0.0,7.0,0.0,Polity V (p5v2018)
MWI,Malawi,2007,6.0,0.0,6.0,0.0,7.0,0.0,7.0,0.0,Polity V (p5v2018)
MWI,Malawi,2008,6.0,0.0,6.0,0.0,7.0,0.0,7.0,0.0,Polity V (p5v2018)
MWI,Malawi,2009,6.0,0.0,6.0,0.0,7.0,0.0,7.0,0.0,Polity V (p5v2018)
MWI,Malawi,2010,6.0,0.0,6.0,0.0,7.0,0.0,7.0,0.0,Polity V (p5v2018)
MWI,Malawi,2011,6.0,0.0,6.0,0.0,7.0,0.0,7.0,0.0,Polity V (p5v2018)
MWI,Malawi,2012,6.0,0.0,6.0,0.0,7.0,0.0,7.0,0.0,Polity V (p5v2018)
MWI,Malawi,2013,6.0,0.0,6.0,0.0,7.0,0.0,7.0,0.0,Polity V (p5v2018)
MWI,Malawi,2014,6.0,0.0,6.0,0.0,7.0,0.0,7.0,0.0,Polity V (p5v2018)
MWI,Malawi,2015,6.0,0.0,6.0,0.0,7.0,0.0,7.0,0.0,Polity V (p5v2018)
MWI,Malawi,2016,6.0,0.0,6.0,0.0,7.0,0.0,7.0,0.0,Polity V (p5v2018)
MWI,Malawi,2017,6.0,0.0,6.0,0.0,7.0,0.0,7.0,0.0,Polity V (p5v2018)
MWI,Malawi,2018,6.0,0.0,6.0,0.0,7.0,0.0,7.0,0.0,Polity V (p5v2018)
MWI,Malawi,2019,3.98,-2.02,6.1195,0.1195,3.2322,-3.7678,7.0,0.0,V-Dem v16 (rescaled)
MWI,Malawi,2020,6.2525,2.2725,3.6689,-2.4506,8.0907,4.8585,7.0,0.0,V-Dem v16 (rescaled)
MWI,Malawi,2021,9.1562,2.9037,5.4023,1.7334,10.0,6.5936,7.0,0.0,V-Dem v16 (rescaled)
MWI,Malawi,2022,9.4929,0.3367,5.5816,0.1793,10.0,0.1983,7.0,0.0,V-Dem v16 (rescaled)
MWI,Malawi,2023,7.8096,-1.6833,3.3103,-2.2713,10.0,0.0496,7.0,0.0,V-Dem v16 (rescaled)
MWI,Malawi,2024,7.4729,-0.3367,6.1793,2.869,9.5538,-0.4462,7.0,0.0,V-Dem v16 (rescaled)
NAM,Namibia,2005,6.0,0.0,5.0,0.0,9.0,0.0,7.0,0.0,Polity V (p5v2018)
NAM,Namibia,2006,6.0,0.0,5.0,0.0,9.0,0.0,7.0,0.0,Polity V (p5v2018)
NAM,Namibia,2007,6.0,0.0,5.0,0.0,9.0,0.0,7.0,0.0,Polity V (p5v2018)
NAM,Namibia,2008,6.0,0.0,5.0,0.0,9.0,0.0,7.0,0.0,Polity V (p5v2018)
NAM,Namibia,2009,6.0,0.0,5.0,0.0,9.0,0.0,7.0,0.0,Polity V (p5v2018)
NAM,Namibia,2010,6.0,0.0,5.0,0.0,9.0,0.0,7.0,0.0,Polity V (p5v2018)
NAM,Namibia,2011,6.0,0.0,5.0,0.0,9.0,0.0,7.0,0.0,Polity V (p5v2018)
NAM,Namibia,2012,6.0,0.0,5.0,0.0,9.0,0.0,7.0,0.0,Polity V (p5v2018)
NAM,Namibia,2013,6.0,0.0,5.0,0.0,9.0,0.0,7.0,0.0,Polity V (p5v2018)
NAM,Namibia,2014,6.0,0.0,5.0,0.0,9.0,0.0,7.0,0.0,Polity V (p5v2018)
NAM,Namibia,2015,6.0,0.0,5.0,0.0,9.0,0.0,7.0,0.0,Polity V (p5v2018)
NAM,Namibia,2016,6.0,0.0,5.0,0.0,9.0,0.0,7.0,0.0,Polity V (p5v2018)
NAM,Namibia,2017,6.0,0.0,5.0,0.0,9.0,0.0,7.0,0.0,Polity V (p5v2018)
NAM,Namibia,2018,6.0,0.0,5.0,0.0,9.0,0.0,7.0,0.0,Polity V (p5v2018)
NAM,Namibia,2019,4.5271,-1.4729,4.9402,-0.0598,6.6699,-2.3301,7.0,0.0,V-Dem v16 (rescaled)
NAM,Namibia,2020,3.8959,-0.6312,6.7931,1.8529,2.6543,-4.0157,7.0,0.0,V-Dem v16 (rescaled)
NAM,Namibia,2021,3.475,-0.4208,6.0759,-0.7172,2.6543,0.0,7.0,0.0,V-Dem v16 (rescaled)
NAM,Namibia,2022,3.6434,0.1683,4.4023,-1.6736,2.6543,0.0,7.0,0.0,V-Dem v16 (rescaled)
NAM,Namibia,2023,3.475,-0.1683,4.4023,0.0,2.6543,0.0,7.0,0.0,V-Dem v16 (rescaled)
NAM,Namibia,2024,3.5592,0.0842,7.0,2.7495,1.861,-0.7932,7.0,0.0,V-Dem v16 (rescaled)
NER,Niger,2005,6.0,2.0,5.0,0.0,8.0,3.0,8.0,1.0,Polity V (p5v2018)
NER,Niger,2006,6.0,0.0,5.0,0.0,8.0,0.0,8.0,0.0,Polity V (p5v2018)
NER,Niger,2007,6.0,0.0,5.0,0.0,8.0,0.0,8.0,0.0,Polity V (p5v2018)
NER,Niger,2008,6.0,0.0,5.0,0.0,8.0,0.0,8.0,0.0,Polity V (p5v2018)
NER,Niger,2009,-3.0,-9.0,3.0,-2.0,3.0,-5.0,4.0,-4.0,Polity V (p5v2018)
NER,Niger,2010,3.0,6.0,5.0,2.0,8.0,5.0,5.0,1.0,Polity V (p5v2018)
NER,Niger,2011,6.0,3.0,5.0,0.0,8.0,0.0,8.0,3.0,Polity V (p5v2018)
NER,Niger,2012,6.0,0.0,5.0,0.0,8.0,0.0,8.0,0.0,Polity V (p5v2018)
NER,Niger,2013,6.0,0.0,5.0,0.0,8.0,0.0,8.0,0.0,Polity V (p5v2018)
NER,Niger,2014,6.0,0.0,5.0,0.0,8.0,0.0,8.0,0.0,Polity V (p5v2018)
NER,Niger,2015,6.0,0.0,5.0,0.0,8.0,0.0,8.0,0.0,Polity V (p5v2018)
NER,Niger,2016,5.0,-1.0,5.0,0.0,8.0,0.0,7.0,-1.0,Polity V (p5v2018)
NER,Niger,2017,5.0,0.0,5.0,0.0,8.0,0.0,7.0,0.0,Polity V (p5v2018)
NER,Niger,2018,5.0,0.0,5.0,0.0,8.0,0.0,7.0,0.0,Polity V (p5v2018)
NER,Niger,2019,4.9158,-0.0842,6.315,1.315,7.1572,-0.8428,7.0,0.0,V-Dem v16 (rescaled)
NER,Niger,2020,5.5892,0.6733,4.223,-2.092,9.3881,2.2309,7.0,0.0,V-Dem v16 (rescaled)
NER,Niger,2021,4.7054,-0.8837,1.4735,-2.7495,6.8102,-2.578,7.0,0.0,V-Dem v16 (rescaled)
NER,Niger,2022,3.9058,-0.7996,1.0,-6.515,4.9759,-1.8343,7.0,0.0,V-Dem v16 (rescaled)
NER,Niger,2023,-0.9758,-4.8816,1.0,0.0,1.0,-11.6008,1.0,-17.9329,V-Dem v16 (rescaled)
NER,Niger,2024,-7.3303,-6.3545,3.6897,2.6897,1.0,-9.3699,1.0,0.0,V-Dem v16 (rescaled)
NGA,Nigeria,2005,4.0,0.0,5.0,0.0,5.0,0.0,7.0,0.0,Polity V (p5v2018)
NGA,Nigeria,2006,4.0,0.0,5.0,0.0,5.0,0.0,7.0,0.0,Polity V (p5v2018)
NGA,Nigeria,2007,4.0,0.0,5.0,0.0,5.0,0.0,7.0,0.0,Polity V (p5v2018)
NGA,Nigeria,2008,4.0,0.0,5.0,0.0,5.0,0.0,7.0,0.0,Polity V (p5v2018)
NGA,Nigeria,2009,4.0,0.0,5.0,0.0,5.0,0.0,7.0,0.0,Polity V (p5v2018)
NGA,Nigeria,2010,4.0,0.0,5.0,0.0,5.0,0.0,7.0,0.0,Polity V (p5v2018)
NGA,Nigeria,2011,4.0,0.0,5.0,0.0,5.0,0.0,7.0,0.0,Polity V (p5v2018)
NGA,Nigeria,2012,4.0,0.0,5.0,0.0,5.0,0.0,7.0,0.0,Polity V (p5v2018)
NGA,Nigeria,2013,4.0,0.0,5.0,0.0,5.0,0.0,7.0,0.0,Polity V (p5v2018)
NGA,Nigeria,2014,4.0,0.0,5.0,0.0,5.0,0.0,7.0,0.0,Polity V (p5v2018)
NGA,Nigeria,2015,7.0,3.0,6.0,1.0,8.0,3.0,8.0,1.0,Polity V (p5v2018)
NGA,Nigeria,2016,7.0,0.0,6.0,0.0,8.0,0.0,8.0,0.0,Polity V (p5v2018)
NGA,Nigeria,2017,7.0,0.0,6.0,0.0,8.0,0.0,8.0,0.0,Polity V (p5v2018)
NGA,Nigeria,2018,7.0,0.0,6.0,0.0,8.0,0.0,8.0,0.0,Polity V (p5v2018)
NGA,Nigeria,2019,5.5271,-1.4729,2.2942,-3.7058,5.5708,-2.4292,8.0,0.0,V-Dem v16 (rescaled)
NGA,Nigeria,2020,5.1904,-0.3367,1.9356,-0.3586,5.4716,-0.0992,8.0,0.0,V-Dem v16 (rescaled)
NGA,Nigeria,2021,4.1804,-1.01,1.0,-2.3908,4.8271,-0.6445,8.0,0.0,V-Dem v16 (rescaled)
NGA,Nigeria,2022,4.2646,0.0842,1.0,-3.2276,4.5297,-0.2975,8.0,0.0,V-Dem v16 (rescaled)
NGA,Nigeria,2023,4.0121,-0.2525,2.315,1.315,3.439,-1.0907,8.0,0.0,V-Dem v16 (rescaled)
NGA,Nigeria,2024,4.6434,0.6312,1.0,-4.5426,3.8356,0.3966,8.0,0.0,V-Dem v16 (rescaled)
RWA,Rwanda,2005,-3.0,0.0,3.0,0.0,3.0,0.0,5.0,0.0,Polity V (p5v2018)
RWA,Rwanda,2006,-3.0,0.0,3.0,0.0,3.0,0.0,5.0,0.0,Polity V (p5v2018)
RWA,Rwanda,2007,-3.0,0.0,3.0,0.0,3.0,0.0,5.0,0.0,Polity V (p5v2018)
RWA,Rwanda,2008,-3.0,0.0,3.0,0.0,3.0,0.0,5.0,0.0,Polity V (p5v2018)
RWA,Rwanda,2009,-3.0,0.0,3.0,0.0,3.0,0.0,5.0,0.0,Polity V (p5v2018)
RWA,Rwanda,2010,-4.0,-1.0,3.0,0.0,2.0,-1.0,4.0,-1.0,Polity V (p5v2018)
RWA,Rwanda,2011,-4.0,0.0,3.0,0.0,2.0,0.0,4.0,0.0,Polity V (p5v2018)
RWA,Rwanda,2012,-4.0,0.0,3.0,0.0,2.0,0.0,4.0,0.0,Polity V (p5v2018)
RWA,Rwanda,2013,-3.0,1.0,3.0,0.0,3.0,1.0,4.0,0.0,Polity V (p5v2018)
RWA,Rwanda,2014,-3.0,0.0,3.0,0.0,3.0,0.0,4.0,0.0,Polity V (p5v2018)
RWA,Rwanda,2015,-3.0,0.0,3.0,0.0,3.0,0.0,4.0,0.0,Polity V (p5v2018)
RWA,Rwanda,2016,-3.0,0.0,3.0,0.0,3.0,0.0,4.0,0.0,Polity V (p5v2018)
RWA,Rwanda,2017,-3.0,0.0,3.0,0.0,3.0,0.0,4.0,0.0,Polity V (p5v2018)
RWA,Rwanda,2018,-3.0,0.0,3.0,0.0,3.0,0.0,4.0,0.0,Polity V (p5v2018)
RWA,Rwanda,2019,-2.9579,0.0421,3.0,0.0,3.1487,0.1487,4.0,0.0,V-Dem v16 (rescaled)
RWA,Rwanda,2020,-2.9579,0.0,4.3747,1.3747,3.2479,0.0992,4.1614,0.1614,V-Dem v16 (rescaled)
RWA,Rwanda,2021,-3.0,-0.0421,4.9724,0.5977,2.5538,-0.6941,4.1973,0.0359,V-Dem v16 (rescaled)
RWA,Rwanda,2022,-3.2946,-0.2946,4.9724,0.0,3.0,0.4462,4.1973,0.0,V-Dem v16 (rescaled)
RWA,Rwanda,2023,-3.5892,-0.2946,4.9724,0.0,2.4051,-0.5949,4.1973,0.0,V-Dem v16 (rescaled)
RWA,Rwanda,2024,-4.0521,-0.4629,1.2666,-3.7058,1.0,-1.9335,4.1973,0.0,V-Dem v16 (rescaled)
SDN,Sudan,2005,-3.0,3.0,3.0,-4.0,3.0,-6.0,5.0,0.0,Polity V (p5v2018)
SDN,Sudan,2006,-3.0,0.0,3.0,0.0,3.0,0.0,5.0,0.0,Polity V (p5v2018)
SDN,Sudan,2007,-3.0,0.0,3.0,0.0,3.0,0.0,5.0,0.0,Polity V (p5v2018)
SDN,Sudan,2008,-3.0,0.0,3.0,0.0,3.0,0.0,5.0,0.0,Polity V (p5v2018)
SDN,Sudan,2009,-3.0,0.0,3.0,0.0,3.0,0.0,5.0,0.0,Polity V (p5v2018)
SDN,Sudan,2010,-2.0,1.0,2.0,-1.0,6.0,3.0,4.0,-1.0,Polity V (p5v2018)
SDN,Sudan,2011,-2.0,0.0,2.0,0.0,6.0,0.0,4.0,0.0,Polity V (p5v2018)
SDN,Sudan,2012,-2.0421,-0.0421,4.3311,2.3311,6.0,0.0,4.0,0.0,V-Dem v16 (rescaled)
SDN,Sudan,2013,-2.0,0.0421,4.3311,0.0,6.347,0.347,4.0,0.0,V-Dem v16 (rescaled)
SDN,Sudan,2014,-2.0,0.0,4.3311,0.0,6.347,0.0,4.0,0.0,V-Dem v16 (rescaled)
SDN,Sudan,2015,-1.6633,0.3367,4.3311,0.0,8.578,2.2309,4.0,0.0,V-Dem v16 (rescaled)
SDN,Sudan,2016,-1.7054,-0.0421,4.3311,0.0,8.8258,0.2479,4.0,0.0,V-Dem v16 (rescaled)
SDN,Sudan,2017,-1.4108,0.2946,4.869,0.5379,9.4703,0.6445,4.0,0.0,V-Dem v16 (rescaled)
SDN,Sudan,2018,-1.3688,0.0421,2.8966,-1.9724,9.4703,0.0,4.0,0.0,V-Dem v16 (rescaled)
SDN,Sudan,2019,-2.7996,-1.4308,4.092,1.1954,2.7776,-6.6928,1.0,-17.9329,V-Dem v16 (rescaled)
SDN,Sudan,2020,-3.8937,-1.0942,7.0,6.2162,1.0,-2.5284,1.0,0.0,V-Dem v16 (rescaled)
SDN,Sudan,2021,-4.0621,-0.1683,7.0,0.0,1.0,0.0,1.0,0.0,V-Dem v16 (rescaled)
SDN,Sudan,2022,-4.2725,-0.2104,7.0,0.0,1.0,0.0,1.0,0.0,V-Dem v16 (rescaled)
SDN,Sudan,2023,-5.0721,-0.7996,7.0,0.0,1.0,0.0,1.0,0.0,V-Dem v16 (rescaled)
SDN,Sudan,2024,-5.1562,-0.0842,7.0,0.0,1.0,0.0,1.0,0.0,V-Dem v16 (rescaled)
SEN,Senegal,2005,8.0,0.0,6.0,0.0,9.0,0.0,8.0,0.0,Polity V (p5v2018)
SEN,Senegal,2006,8.0,0.0,6.0,0.0,9.0,0.0,8.0,0.0,Polity V (p5v2018)
SEN,Senegal,2007,7.0,-1.0,5.0,-1.0,9.0,0.0,8.0,0.0,Polity V (p5v2018)
SEN,Senegal,2008,7.0,0.0,5.0,0.0,9.0,0.0,8.0,0.0,Polity V (p5v2018)
SEN,Senegal,2009,7.0,0.0,5.0,0.0,9.0,0.0,8.0,0.0,Polity V (p5v2018)
SEN,Senegal,2010,7.0,0.0,5.0,0.0,9.0,0.0,8.0,0.0,Polity V (p5v2018)
SEN,Senegal,2011,7.0,0.0,5.0,0.0,9.0,0.0,8.0,0.0,Polity V (p5v2018)
SEN,Senegal,2012,7.0,0.0,5.0,0.0,9.0,0.0,8.0,0.0,Polity V (p5v2018)
SEN,Senegal,2013,7.0,0.0,5.0,0.0,9.0,0.0,8.0,0.0,Polity V (p5v2018)
SEN,Senegal,2014,7.0,0.0,5.0,0.0,9.0,0.0,8.0,0.0,Polity V (p5v2018)
SEN,Senegal,2015,7.0,0.0,5.0,0.0,9.0,0.0,8.0,0.0,Polity V (p5v2018)
SEN,Senegal,2016,7.0,0.0,5.0,0.0,9.0,0.0,8.0,0.0,Polity V (p5v2018)
SEN,Senegal,2017,7.0,0.0,5.0,0.0,9.0,0.0,8.0,0.0,Polity V (p5v2018)
SEN,Senegal,2018,7.0,0.0,5.0,0.0,9.0,0.0,8.0,0.0,Polity V (p5v2018)
SEN,Senegal,2019,7.3787,0.3787,5.0,0.0,10.0,1.9335,8.0,0.0,V-Dem v16 (rescaled)
SEN,Senegal,2020,8.6833,1.3046,1.0,-4.961,10.0,1.2394,8.0,0.0,V-Dem v16 (rescaled)
SEN,Senegal,2021,8.0942,-0.5892,1.0,-0.777,10.0,0.0,8.0,0.0,V-Dem v16 (rescaled)
SEN,Senegal,2022,6.9158,-1.1783,2.2552,1.2552,8.364,-1.636,8.0,0.0,V-Dem v16 (rescaled)
SEN,Senegal,2023,4.3488,-2.5671,2.2552,0.0,5.7365,-2.6275,8.0,0.0,V-Dem v16 (rescaled)
SEN,Senegal,2024,3.5071,-0.8417,1.9563,-0.2989,6.4801,0.7436,8.0,0.0,V-Dem v16 (rescaled)
SLE,Sierra Leone,2005,5.0,0.0,5.0,0.0,7.0,0.0,7.0,0.0,Polity V (p5v2018)
SLE,Sierra Leone,2006,5.0,0.0,5.0,0.0,7.0,0.0,7.0,0.0,Polity V (p5v2018)
SLE,Sierra Leone,2007,7.0,2.0,6.0,1.0,8.0,1.0,8.0,1.0,Polity V (p5v2018)
SLE,Sierra Leone,2008,7.0,0.0,6.0,0.0,8.0,0.0,8.0,0.0,Polity V (p5v2018)
SLE,Sierra Leone,2009,7.0,0.0,6.0,0.0,8.0,0.0,8.0,0.0,Polity V (p5v2018)
SLE,Sierra Leone,2010,7.0,0.0,6.0,0.0,8.0,0.0,8.0,0.0,Polity V (p5v2018)
SLE,Sierra Leone,2011,7.0,0.0,6.0,0.0,8.0,0.0,8.0,0.0,Polity V (p5v2018)
SLE,Sierra Leone,2012,7.0,0.0,6.0,0.0,8.0,0.0,8.0,0.0,Polity V (p5v2018)
SLE,Sierra Leone,2013,7.0,0.0,6.0,0.0,8.0,0.0,8.0,0.0,Polity V (p5v2018)
SLE,Sierra Leone,2014,7.0,0.0,6.0,0.0,8.0,0.0,8.0,0.0,Polity V (p5v2018)
SLE,Sierra Leone,2015,7.0,0.0,6.0,0.0,8.0,0.0,8.0,0.0,Polity V (p5v2018)
SLE,Sierra Leone,2016,7.0,0.0,6.0,0.0,8.0,0.0,8.0,0.0,Polity V (p5v2018)
SLE,Sierra Leone,2017,7.0,0.0,6.0,0.0,8.0,0.0,8.0,0.0,Polity V (p5v2018)
SLE,Sierra Leone,2018,7.0,0.0,6.0,0.0,8.0,0.0,8.0,0.0,Polity V (p5v2018)
SLE,Sierra Leone,2019,7.2525,0.2525,7.0,3.646,8.347,0.347,8.0,0.0,V-Dem v16 (rescaled)
SLE,Sierra Leone,2020,7.5471,0.2946,7.0,0.7172,8.347,0.0,8.0,0.0,V-Dem v16 (rescaled)
SLE,Sierra Leone,2021,7.5892,0.0421,7.0,3.2874,8.347,0.0,8.0,0.0,V-Dem v16 (rescaled)
SLE,Sierra Leone,2022,7.9258,0.3367,7.0,0.0,8.1983,-0.1487,8.0,0.0,V-Dem v16 (rescaled)
SLE,Sierra Leone,2023,5.485,-2.4408,3.0551,-3.9449,3.2903,-4.908,8.0,0.0179,V-Dem v16 (rescaled)
SLE,Sierra Leone,2024,3.7596,-1.7254,1.9793,-1.0759,1.0,-4.4123,8.0,0.0,V-Dem v16 (rescaled)
SOM,Somalia,2005,0.0,0.0,,,,,,,Polity V (p5v2018)
SOM,Somalia,2006,0.0,0.0,,,,,,,Polity V (p5v2018)
SOM,Somalia,2007,0.0,0.0,,,,,,,Polity V (p5v2018)
SOM,Somalia,2008,0.0,0.0,,,,,,,Polity V (p5v2018)
SOM,Somalia,2009,0.0,0.0,,,,,,,Polity V (p5v2018)
SOM,Somalia,2010,0.0,0.0,,,,,,,Polity V (p5v2018)
SOM,Somalia,2011,,,,,,,,,Polity V (p5v2018)
SOM,Somalia,2012,5.0,,6.0,,4.0,,7.0,,Polity V (p5v2018)
SOM,Somalia,2013,5.0,0.0,6.0,0.0,4.0,0.0,7.0,0.0,Polity V (p5v2018)
SOM,Somalia,2014,5.0,0.0,6.0,0.0,4.0,0.0,7.0,0.0,Polity V (p5v2018)
SOM,Somalia,2015,5.0,0.0,6.0,0.0,4.0,0.0,7.0,0.0,Polity V (p5v2018)
SOM,Somalia,2016,5.0,0.0,6.0,0.0,4.0,0.0,7.0,0.0,Polity V (p5v2018)
SOM,Somalia,2017,5.0,0.0,6.0,0.0,4.0,0.0,7.0,0.0,Polity V (p5v2018)
SOM,Somalia,2018,5.0,0.0,6.0,0.0,4.0,0.0,7.0,0.0,Polity V (p5v2018)
SOM,Somalia,2019,4.7475,-0.2525,7.0,2.8092,4.0,0.0,7.0,0.0,V-Dem v16 (rescaled)
SOM,Somalia,2020,5.0,0.2525,7.0,0.3586,4.0,0.0,7.0,0.0,V-Dem v16 (rescaled)
SOM,Somalia,2021,5.2946,0.2946,7.0,0.5379,4.0,0.0,7.0,0.0,V-Dem v16 (rescaled)
SOM,Somalia,2022,5.1683,-0.1262,7.0,1.315,4.0,0.0,7.0,0.0,V-Dem v16 (rescaled)
SOM,Somalia,2023,5.5471,0.3787,7.0,3.9449,4.0,0.0,7.0,0.0,V-Dem v16 (rescaled)
SOM,Somalia,2024,5.4629,-0.0842,1.0,-7.1127,4.0,0.0,7.0,0.0,V-Dem v16 (rescaled)
SWZ,Swaziland,2005,-7.0,2.0,3.0,1.0,2.0,1.0,2.0,0.0,Polity V (p5v2018)
SWZ,Swaziland,2006,-7.0,0.0,3.0,0.0,2.0,0.0,2.0,0.0,Polity V (p5v2018)
SWZ,Swaziland,2007,-7.0,0.0,3.0,0.0,2.0,0.0,2.0,0.0,Polity V (p5v2018)
SWZ,Swaziland,2008,-7.0,0.0,3.0,0.0,2.0,0.0,2.0,0.0,Polity V (p5v2018)
SWZ,Swaziland,2009,-7.0,0.0,3.0,0.0,2.0,0.0,2.0,0.0,Polity V (p5v2018)
SWZ,Swaziland,2010,-7.0,0.0,3.0,0.0,2.0,0.0,2.0,0.0,Polity V (p5v2018)
SWZ,Swaziland,2011,-7.0,0.0,3.0,0.0,2.0,0.0,2.0,0.0,Polity V (p5v2018)
SWZ,Swaziland,2012,-7.0,0.0,3.0,0.0,2.0,0.0,2.0,0.0,Polity V (p5v2018)
SWZ,Swaziland,2013,-7.0,0.0,3.0,0.0,2.0,0.0,2.0,0.0,Polity V (p5v2018)
SWZ,Swaziland,2014,-7.0,0.0,3.0,0.0,2.0,0.0,2.0,0.0,Polity V (p5v2018)
SWZ,Swaziland,2015,-7.0,0.0,3.0,0.0,2.0,0.0,2.0,0.0,Polity V (p5v2018)
SWZ,Swaziland,2016,-7.0,0.0,3.0,0.0,2.0,0.0,2.0,0.0,Polity V (p5v2018)
SWZ,Swaziland,2017,-7.0,0.0,3.0,0.0,2.0,0.0,2.0,0.0,Polity V (p5v2018)
SWZ,Swaziland,2018,-7.0,0.0,3.0,0.0,2.0,0.0,2.0,0.0,Polity V (p5v2018)
SWZ,Swaziland,2019,-6.9579,0.0421,4.3747,1.3747,2.9915,0.9915,2.0,0.0,V-Dem v16 (rescaled)
SWZ,Swaziland,2020,-7.0,-0.0421,4.3747,0.0,2.9915,0.0,2.0,0.0,V-Dem v16 (rescaled)
SWZ,Swaziland,2021,-7.505,-0.505,1.0,-4.0046,2.4958,-0.4958,2.0,0.0,V-Dem v16 (rescaled)
SWZ,Swaziland,2022,-7.6312,-0.1262,1.0,0.0,1.653,-0.8428,2.0,0.0,V-Dem v16 (rescaled)
SWZ,Swaziland,2023,-7.4629,0.1683,1.0,0.0,2.6941,1.0411,2.0,0.0,V-Dem v16 (rescaled)
SWZ,Swaziland,2024,-7.1262,0.3367,1.0,0.0,5.6686,2.9746,2.0,0.0,V-Dem v16 (rescaled)
TCD,Chad,2005,-1.0,1.0,3.0,1.0,6.0,0.0,4.0,-1.0,Polity V (p5v2018)
TCD,Chad,2006,-1.0,0.0,3.0,0.0,6.0,0.0,4.0,0.0,Polity V (p5v2018)
TCD,Chad,2007,-1.0,0.0,3.0,0.0,6.0,0.0,4.0,0.0,Polity V (p5v2018)
TCD,Chad,2008,-1.0,0.0,3.0,0.0,6.0,0.0,4.0,0.0,Polity V (p5v2018)
TCD,Chad,2009,-1.0,0.0,3.0,0.0,6.0,0.0,4.0,0.0,Polity V (p5v2018)
TCD,Chad,2010,-1.0,0.0,3.0,0.0,6.0,0.0,4.0,0.0,Polity V (p5v2018)
TCD,Chad,2011,-1.0,0.0,3.0,0.0,6.0,0.0,4.0,0.0,Polity V (p5v2018)
TCD,Chad,2012,-1.0,0.0,3.0,0.0,6.0,0.0,4.0,0.0,Polity V (p5v2018)
TCD,Chad,2013,-1.0,0.0,3.0,0.0,6.0,0.0,4.0,0.0,Polity V (p5v2018)
TCD,Chad,2014,-1.0,0.0,3.0,0.0,6.0,0.0,4.0,0.0,Polity V (p5v2018)
TCD,Chad,2015,-1.0,0.0,3.0,0.0,6.0,0.0,4.0,0.0,Polity V (p5v2018)
TCD,Chad,2016,-1.0,0.0,3.0,0.0,6.0,0.0,4.0,0.0,Polity V (p5v2018)
TCD,Chad,2017,-1.0,0.0,3.0,0.0,6.0,0.0,4.0,0.0,Polity V (p5v2018)
TCD,Chad,2018,-1.0,0.0,3.0,0.0,6.0,0.0,4.0,0.0,Polity V (p5v2018)
TCD,Chad,2019,-0.8738,0.1262,6.9449,3.9449,6.0496,0.0496,4.0,0.0,V-Dem v16 (rescaled)
TCD,Chad,2020,-0.9579,-0.0842,7.0,0.1195,6.0992,0.0496,4.0,0.0,V-Dem v16 (rescaled)
TCD,Chad,2021,-4.7875,-3.8296,7.0,0.0,2.4801,-3.6191,1.0,-17.9329,V-Dem v16 (rescaled)
TCD,Chad,2022,-6.1341,-1.3467,1.0,-7.2323,1.092,-1.3881,1.0,0.0,V-Dem v16 (rescaled)
TCD,Chad,2023,-6.0079,0.1262,5.0046,4.0046,1.092,0.0,1.0,0.0,V-Dem v16 (rescaled)
TCD,Chad,2024,-3.7354,2.2725,6.1403,1.1356,3.8187,2.7267,8.0,8.9664,V-Dem v16 (rescaled)
TGO,Togo,2005,-4.0,-2.0,2.0,0.0,6.0,0.0,3.0,-2.0,Polity V (p5v2018)
TGO,Togo,2006,-4.0,0.0,2.0,0.0,6.0,0.0,3.0,0.0,Polity V (p5v2018)
TGO,Togo,2007,-4.0,0.0,2.0,0.0,6.0,0.0,3.0,0.0,Polity V (p5v2018)
TGO,Togo,2008,-4.0,0.0,2.0,0.0,6.0,0.0,3.0,0.0,Polity V (p5v2018)
TGO,Togo,2009,-4.0,0.0,2.0,0.0,6.0,0.0,3.0,0.0,Polity V (p5v2018)
TGO,Togo,2010,-2.0,2.0,3.0,1.0,7.0,1.0,3.0,0.0,Polity V (p5v2018)
TGO,Togo,2011,-2.0,0.0,3.0,0.0,7.0,0.0,3.0,0.0,Polity V (p5v2018)
TGO,Togo,2012,-2.0,0.0,3.0,0.0,7.0,0.0,3.0,0.0,Polity V (p5v2018)
TGO,Togo,2013,-2.0,0.0,3.0,0.0,7.0,0.0,3.0,0.0,Polity V (p5v2018)
TGO,Togo,2014,-2.0,0.0,3.0,0.0,7.0,0.0,3.0,0.0,Polity V (p5v2018)
TGO,Togo,2015,-2.0,0.0,3.0,0.0,7.0,0.0,3.0,0.0,Polity V (p5v2018)
TGO,Togo,2016,-2.0,0.0,3.0,0.0,7.0,0.0,3.0,0.0,Polity V (p5v2018)
TGO,Togo,2017,-2.0,0.0,3.0,0.0,7.0,0.0,3.0,0.0,Polity V (p5v2018)
TGO,Togo,2018,-2.0,0.0,3.0,0.0,7.0,0.0,3.0,0.0,Polity V (p5v2018)
TGO,Togo,2019,-3.3887,-1.3887,1.685,-1.315,4.0254,-2.9746,3.0,0.0,V-Dem v16 (rescaled)
TGO,Togo,2020,-2.1683,1.2204,7.0,5.3794,5.3144,1.289,3.0,0.0,V-Dem v16 (rescaled)
TGO,Togo,2021,-3.3467,-1.1783,3.0551,-3.9449,5.0665,-0.2479,3.0,0.0,V-Dem v16 (rescaled)
TGO,Togo,2022,-3.2204,0.1262,3.0551,0.0,6.0581,0.9915,3.0,0.0,V-Dem v16 (rescaled)
TGO,Togo,2023,-3.6412,-0.4208,3.7724,0.7172,4.9674,-1.0907,3.0,0.0,V-Dem v16 (rescaled)
TGO,Togo,2024,-5.2825,-1.6412,1.0,-6.7541,3.2322,-1.7352,3.0,0.0,V-Dem v16 (rescaled)
TZA,Tanzania,2005,-1.0,-3.0,3.0,0.0,3.0,-4.0,7.0,0.0,Polity V (p5v2018)
TZA,Tanzania,2006,-1.0,0.0,3.0,0.0,3.0,0.0,7.0,0.0,Polity V (p5v2018)
TZA,Tanzania,2007,-1.0,0.0,3.0,0.0,3.0,0.0,7.0,0.0,Polity V (p5v2018)
TZA,Tanzania,2008,-1.0,0.0,3.0,0.0,3.0,0.0,7.0,0.0,Polity V (p5v2018)
TZA,Tanzania,2009,-1.0,0.0,3.0,0.0,3.0,0.0,7.0,0.0,Polity V (p5v2018)
TZA,Tanzania,2010,-1.0,0.0,3.0,0.0,3.0,0.0,7.0,0.0,Polity V (p5v2018)
TZA,Tanzania,2011,-1.0,0.0,3.0,0.0,3.0,0.0,7.0,0.0,Polity V (p5v2018)
TZA,Tanzania,2012,-1.0,0.0,3.0,0.0,3.0,0.0,7.0,0.0,Polity V (p5v2018)
TZA,Tanzania,2013,-1.0,0.0,3.0,0.0,3.0,0.0,7.0,0.0,Polity V (p5v2018)
TZA,Tanzania,2014,-1.0,0.0,3.0,0.0,3.0,0.0,7.0,0.0,Polity V (p5v2018)
TZA,Tanzania,2015,3.0,4.0,4.0,1.0,6.0,3.0,7.0,0.0,Polity V (p5v2018)
TZA,Tanzania,2016,3.0,0.0,4.0,0.0,6.0,0.0,7.0,0.0,Polity V (p5v2018)
TZA,Tanzania,2017,3.0,0.0,4.0,0.0,6.0,0.0,7.0,0.0,Polity V (p5v2018)
TZA,Tanzania,2018,3.0,0.0,4.0,0.0,6.0,0.0,7.0,0.0,Polity V (p5v2018)
TZA,Tanzania,2019,2.9158,-0.0842,1.0,-3.2276,7.3386,1.3386,7.0,0.0,V-Dem v16 (rescaled)
TZA,Tanzania,2020,2.9158,0.0,2.0759,1.0759,5.653,-1.6856,8.0,1.2912,V-Dem v16 (rescaled)
TZA,Tanzania,2021,2.2004,-0.7154,1.1195,-0.9563,1.6373,-4.0157,8.0,0.0,V-Dem v16 (rescaled)
TZA,Tanzania,2022,3.505,1.3046,1.4184,0.2989,1.6373,0.0,8.0,0.0,V-Dem v16 (rescaled)
TZA,Tanzania,2023,4.01,0.505,1.0,-1.9724,3.2733,1.636,8.0,0.0,V-Dem v16 (rescaled)
TZA,Tanzania,2024,4.1783,0.1683,3.2713,2.2713,3.1742,-0.0992,8.0,0.0,V-Dem v16 (rescaled)
UGA,Uganda,2005,-1.0,3.0,3.0,0.0,6.0,4.0,5.0,0.0,Polity V (p5v2018)
UGA,Uganda,2006,-1.0,0.0,3.0,0.0,6.0,0.0,5.0,0.0,Polity V (p5v2018)
UGA,Uganda,2007,-1.0,0.0,3.0,0.0,6.0,0.0,5.0,0.0,Polity V (p5v2018)
UGA,Uganda,2008,-1.0,0.0,3.0,0.0,6.0,0.0,5.0,0.0,Polity V (p5v2018)
UGA,Uganda,2009,-1.0,0.0,3.0,0.0,6.0,0.0,5.0,0.0,Polity V (p5v2018)
UGA,Uganda,2010,-1.0,0.0,3.0,0.0,6.0,0.0,5.0,0.0,Polity V (p5v2018)
UGA,Uganda,2011,-1.0,0.0,3.0,0.0,6.0,0.0,5.0,0.0,Polity V (p5v2018)
UGA,Uganda,2012,-1.0,0.0,3.0,0.0,6.0,0.0,5.0,0.0,Polity V (p5v2018)
UGA,Uganda,2013,-1.0,0.0,3.0,0.0,6.0,0.0,5.0,0.0,Polity V (p5v2018)
UGA,Uganda,2014,-1.0,0.0,3.0,0.0,6.0,0.0,5.0,0.0,Polity V (p5v2018)
UGA,Uganda,2015,-1.0,0.0,3.0,0.0,6.0,0.0,5.0,0.0,Polity V (p5v2018)
UGA,Uganda,2016,-1.0,0.0,3.0,0.0,6.0,0.0,5.0,0.0,Polity V (p5v2018)
UGA,Uganda,2017,-1.0,0.0,3.0,0.0,6.0,0.0,5.0,0.0,Polity V (p5v2018)
UGA,Uganda,2018,-1.0,0.0,3.0,0.0,6.0,0.0,5.0,0.0,Polity V (p5v2018)
UGA,Uganda,2019,-0.9579,0.0421,2.1034,-0.8966,6.3966,0.3966,5.0,0.0,V-Dem v16 (rescaled)
UGA,Uganda,2020,-0.9158,0.0421,3.3586,1.2552,6.8428,0.4462,5.4842,0.4842,V-Dem v16 (rescaled)
UGA,Uganda,2021,-1.3787,-0.4629,1.0,-3.2276,7.1898,0.347,5.4842,0.0,V-Dem v16 (rescaled)
UGA,Uganda,2022,-1.5892,-0.2104,2.4943,1.4943,7.1898,0.0,5.4842,0.0,V-Dem v16 (rescaled)
UGA,Uganda,2023,-2.01,-0.4208,1.8368,-0.6575,7.1402,-0.0496,5.4842,0.0,V-Dem v16 (rescaled)
UGA,Uganda,2024,-1.9258,0.0842,1.0,-4.3035,6.4958,-0.6445,5.4842,0.0,V-Dem v16 (rescaled)
ZAF,South Africa,2005,9.0,0.0,7.0,0.0,9.0,0.0,8.0,0.0,Polity V (p5v2018)
ZAF,South Africa,2006,9.0,0.0,7.0,0.0,9.0,0.0,8.0,0.0,Polity V (p5v2018)
ZAF,South Africa,2007,9.0,0.0,7.0,0.0,9.0,0.0,8.0,0.0,Polity V (p5v2018)
ZAF,South Africa,2008,9.0,0.0,7.0,0.0,9.0,0.0,8.0,0.0,Polity V (p5v2018)
ZAF,South Africa,2009,9.0,0.0,7.0,0.0,9.0,0.0,8.0,0.0,Polity V (p5v2018)
ZAF,South Africa,2010,9.0,0.0,7.0,0.0,9.0,0.0,8.0,0.0,Polity V (p5v2018)
ZAF,South Africa,2011,9.0,0.0,7.0,0.0,9.0,0.0,8.0,0.0,Polity V (p5v2018)
ZAF,South Africa,2012,9.0,0.0,7.0,0.0,9.0,0.0,8.0,0.0,Polity V (p5v2018)
ZAF,South Africa,2013,9.0,0.0,7.0,0.0,9.0,0.0,8.0,0.0,Polity V (p5v2018)
ZAF,South Africa,2014,9.0,0.0,7.0,0.0,9.0,0.0,8.0,0.0,Polity V (p5v2018)
ZAF,South Africa,2015,9.0,0.0,7.0,0.0,9.0,0.0,8.0,0.0,Polity V (p5v2018)
ZAF,South Africa,2016,9.0,0.0,7.0,0.0,9.0,0.0,8.0,0.0,Polity V (p5v2018)
ZAF,South Africa,2017,9.0,0.0,7.0,0.0,9.0,0.0,8.0,0.0,Polity V (p5v2018)
ZAF,South Africa,2018,9.0,0.0,7.0,0.0,9.0,0.0,8.0,0.0,Polity V (p5v2018)
ZAF,South Africa,2019,8.1583,-0.8417,7.0,0.9563,7.1161,-1.8839,8.0,0.0,V-Dem v16 (rescaled)
ZAF,South Africa,2020,7.8217,-0.3367,2.577,-4.423,6.5708,-0.5453,8.0,0.0,V-Dem v16 (rescaled)
ZAF,South Africa,2021,8.0742,0.2525,3.0551,0.4782,6.4716,-0.0992,8.0,0.0,V-Dem v16 (rescaled)
ZAF,South Africa,2022,7.7796,-0.2946,3.7724,0.7172,6.4716,0.0,8.0,0.0,V-Dem v16 (rescaled)
ZAF,South Africa,2023,7.5271,-0.2525,4.908,1.1356,6.7195,0.2479,8.0,0.0,V-Dem v16 (rescaled)
ZAF,South Africa,2024,8.4529,0.9258,7.0,3.4667,9.3966,2.6771,8.0,0.0,V-Dem v16 (rescaled)
ZAR,"Congo, Dem. Rep.",2005,4.0,,-88.0,,-88.0,,-88.0,,Polity V (p5v2018)
ZAR,"Congo, Dem. Rep.",2006,5.0,1.0,5.0,93.0,8.0,96.0,7.0,95.0,Polity V (p5v2018)
ZAR,"Congo, Dem. Rep.",2007,5.0,0.0,5.0,0.0,8.0,0.0,7.0,0.0,Polity V (p5v2018)
ZAR,"Congo, Dem. Rep.",2008,5.0,0.0,5.0,0.0,8.0,0.0,7.0,0.0,Polity V (p5v2018)
ZAR,"Congo, Dem. Rep.",2009,5.0,0.0,5.0,0.0,8.0,0.0,7.0,0.0,Polity V (p5v2018)
ZAR,"Congo, Dem. Rep.",2010,5.0,0.0,5.0,0.0,8.0,0.0,7.0,0.0,Polity V (p5v2018)
ZAR,"Congo, Dem. Rep.",2011,5.0,0.0,5.0,0.0,8.0,0.0,7.0,0.0,Polity V (p5v2018)
ZAR,"Congo, Dem. Rep.",2012,5.0,0.0,5.0,0.0,8.0,0.0,7.0,0.0,Polity V (p5v2018)
ZAR,"Congo, Dem. Rep.",2013,5.0,0.0,5.0,0.0,8.0,0.0,7.0,0.0,Polity V (p5v2018)
ZAR,"Congo, Dem. Rep.",2014,5.0,0.0,5.0,0.0,8.0,0.0,7.0,0.0,Polity V (p5v2018)
ZAR,"Congo, Dem. Rep.",2015,5.0,0.0,5.0,0.0,8.0,0.0,7.0,0.0,Polity V (p5v2018)
ZAR,"Congo, Dem. Rep.",2016,-3.0,-8.0,3.0,-2.0,6.0,-2.0,3.0,-4.0,Polity V (p5v2018)
ZAR,"Congo, Dem. Rep.",2017,-3.0,0.0,3.0,0.0,6.0,0.0,3.0,0.0,Polity V (p5v2018)
ZAR,"Congo, Dem. Rep.",2018,-3.0,0.0,3.0,0.0,6.0,0.0,3.0,0.0,Polity V (p5v2018)
ZAR,"Congo, Dem. Rep.",2019,-1.4008,1.5992,4.6736,1.6736,8.1318,2.1318,3.0,0.0,V-Dem v16 (rescaled)
ZAR,"Congo, Dem. Rep.",2020,-1.2746,0.1262,6.4069,1.7334,8.2805,0.1487,3.0,0.0,V-Dem v16 (rescaled)
ZAR,"Congo, Dem. Rep.",2021,-1.485,-0.2104,7.0,2.2115,8.2805,0.0,3.0,0.0,V-Dem v16 (rescaled)
ZAR,"Congo, Dem. Rep.",2022,-1.7375,-0.2525,7.0,4.0644,7.8839,-0.3966,3.0,0.0,V-Dem v16 (rescaled)
ZAR,"Congo, Dem. Rep.",2023,-1.8638,-0.1262,1.0,-8.7265,7.8839,0.0,3.0,0.0,V-Dem v16 (rescaled)
ZAR,"Congo, Dem. Rep.",2024,-2.9158,-1.0521,5.184,4.184,7.3386,-0.5453,3.0,0.0,V-Dem v16 (rescaled)
ZMB,Zambia,2005,5.0,0.0,5.0,0.0,7.0,0.0,7.0,0.0,Polity V (p5v2018)
ZMB,Zambia,2006,5.0,0.0,5.0,0.0,7.0,0.0,7.0,0.0,Polity V (p5v2018)
ZMB,Zambia,2007,5.0,0.0,5.0,0.0,7.0,0.0,7.0,0.0,Polity V (p5v2018)
ZMB,Zambia,2008,7.0,2.0,5.0,0.0,9.0,2.0,8.0,1.0,Polity V (p5v2018)
ZMB,Zambia,2009,7.0,0.0,5.0,0.0,9.0,0.0,8.0,0.0,Polity V (p5v2018)
ZMB,Zambia,2010,7.0,0.0,5.0,0.0,9.0,0.0,8.0,0.0,Polity V (p5v2018)
ZMB,Zambia,2011,7.0,0.0,5.0,0.0,9.0,0.0,8.0,0.0,Polity V (p5v2018)
ZMB,Zambia,2012,7.0,0.0,5.0,0.0,9.0,0.0,8.0,0.0,Polity V (p5v2018)
ZMB,Zambia,2013,7.0,0.0,5.0,0.0,9.0,0.0,8.0,0.0,Polity V (p5v2018)
ZMB,Zambia,2014,7.0,0.0,5.0,0.0,9.0,0.0,8.0,0.0,Polity V (p5v2018)
ZMB,Zambia,2015,7.0,0.0,5.0,0.0,9.0,0.0,8.0,0.0,Polity V (p5v2018)
ZMB,Zambia,2016,6.0,-1.0,5.0,0.0,7.0,-2.0,8.0,0.0,Polity V (p5v2018)
ZMB,Zambia,2017,6.0,0.0,5.0,0.0,7.0,0.0,8.0,0.0,Polity V (p5v2018)
ZMB,Zambia,2018,6.0,0.0,5.0,0.0,7.0,0.0,8.0,0.0,Polity V (p5v2018)
ZMB,Zambia,2019,5.495,-0.505,7.0,10.1013,6.5042,-0.4958,8.0,0.0,V-Dem v16 (rescaled)
ZMB,Zambia,2020,5.2846,-0.2104,7.0,2.3311,5.6119,-0.8924,7.9462,-0.0538,V-Dem v16 (rescaled)
ZMB,Zambia,2021,8.1462,2.8616,3.8919,-3.1081,10.0,5.8996,7.9462,0.0,V-Dem v16 (rescaled)
ZMB,Zambia,2022,10.0,4.1662,6.223,2.3311,10.0,4.3627,7.9462,0.0,V-Dem v16 (rescaled)
ZMB,Zambia,2023,10.0,0.2104,1.0,-5.4989,9.5538,-0.4462,7.9462,0.0,V-Dem v16 (rescaled)
ZMB,Zambia,2024,9.4529,-0.5471,1.0,0.0,10.0,1.5369,7.9462,0.0,V-Dem v16 (rescaled)
ZWE,Zimbabwe,2005,-4.0,3.0,2.0,0.0,6.0,4.0,3.0,0.0,Polity V (p5v2018)
ZWE,Zimbabwe,2006,-4.0,0.0,2.0,0.0,6.0,0.0,3.0,0.0,Polity V (p5v2018)
ZWE,Zimbabwe,2007,-4.0,0.0,2.0,0.0,6.0,0.0,3.0,0.0,Polity V (p5v2018)
ZWE,Zimbabwe,2008,-4.0,0.0,2.0,0.0,6.0,0.0,3.0,0.0,Polity V (p5v2018)
ZWE,Zimbabwe,2009,1.0,5.0,3.0,1.0,6.0,0.0,7.0,4.0,Polity V (p5v2018)
ZWE,Zimbabwe,2010,1.0,0.0,3.0,0.0,6.0,0.0,7.0,0.0,Polity V (p5v2018)
ZWE,Zimbabwe,2011,1.0,0.0,3.0,0.0,6.0,0.0,7.0,0.0,Polity V (p5v2018)
ZWE,Zimbabwe,2012,1.0,0.0,3.0,0.0,6.0,0.0,7.0,0.0,Polity V (p5v2018)
ZWE,Zimbabwe,2013,4.0,3.0,5.0,2.0,6.0,0.0,7.0,0.0,Polity V (p5v2018)
ZWE,Zimbabwe,2014,4.0,0.0,5.0,0.0,6.0,0.0,7.0,0.0,Polity V (p5v2018)
ZWE,Zimbabwe,2015,4.0,0.0,5.0,0.0,6.0,0.0,7.0,0.0,Polity V (p5v2018)
ZWE,Zimbabwe,2016,4.0,0.0,5.0,0.0,6.0,0.0,7.0,0.0,Polity V (p5v2018)
ZWE,Zimbabwe,2017,4.0,0.0,5.0,0.0,6.0,0.0,7.0,0.0,Polity V (p5v2018)
ZWE,Zimbabwe,2018,4.0,0.0,5.0,0.0,6.0,0.0,7.0,0.0,Polity V (p5v2018)
ZWE,Zimbabwe,2019,3.6213,-0.3787,2.0115,-2.9885,5.5042,-0.4958,7.0,0.0,V-Dem v16 (rescaled)
ZWE,Zimbabwe,2020,3.4108,-0.2104,1.0,-4.2437,6.1983,0.6941,6.8924,-0.1076,V-Dem v16 (rescaled)
ZWE,Zimbabwe,2021,3.3267,-0.0842,5.3035,4.3035,6.2975,0.0992,6.8924,0.0,V-Dem v16 (rescaled)
ZWE,Zimbabwe,2022,3.1163,-0.2104,2.1954,-3.1081,5.7521,-0.5453,6.8924,0.0,V-Dem v16 (rescaled)
ZWE,Zimbabwe,2023,3.2846,0.1683,1.0,-3.1679,5.9008,0.1487,7.8966,1.0042,V-Dem v16 (rescaled)
ZWE,Zimbabwe,2024,2.2746,-1.01,1.0,-2.7495,5.1572,-0.7436,7.8966,0.0,V-Dem v16 (rescaled)
